id,model,kind,world_scope,is_stop_control,x,y,z,rotation_x,rotation_y,rotation_z,rotation_w,source_ymap
gta-v-sign-0001,prop_sign_road_01a,standard_stop,los_santos_blaine_county,True,-2335.7034,3269.0288,31.81049,0.0,0.0,0.96592563,-0.2588199,update\x64\dlcpacks\patchday2ng\dlc.rpf\x64\levels\gta5\_hills\country_03\country_03_metadata.rpf\cs3_07_strm_4.ymap
gta-v-sign-0002,prop_sign_road_01a,standard_stop,los_santos_blaine_county,True,-2322.193,3241.1082,31.837078,0.0,0.0,0.96592563,-0.2588199,update\x64\dlcpacks\patchday2ng\dlc.rpf\x64\levels\gta5\_hills\country_03\country_03_metadata.rpf\cs3_07_strm_4.ymap
gta-v-sign-0003,prop_sign_road_01a,standard_stop,los_santos_blaine_county,True,-2320.791,3218.0283,31.837078,0.0,0.0,0.30070594,0.95371693,update\x64\dlcpacks\patchday2ng\dlc.rpf\x64\levels\gta5\_hills\country_03\country_03_metadata.rpf\cs3_07_strm_4.ymap
gta-v-sign-0004,prop_sign_road_01a,standard_stop,los_santos_blaine_county,True,-2309.009,3229.3318,31.976852,0.0,0.0,-0.49999902,0.866026,update\x64\dlcpacks\patchday2ng\dlc.rpf\x64\levels\gta5\_hills\country_03\country_03_metadata.rpf\cs3_07_strm_4.ymap
gta-v-sign-0005,prop_sign_road_01a,standard_stop,los_santos_blaine_county,True,-2292.111,3293.5286,31.81049,0.0,0.0,0.70710737,0.70710635,update\x64\dlcpacks\patchday2ng\dlc.rpf\x64\levels\gta5\_hills\country_03\country_03_metadata.rpf\cs3_07_strm_5.ymap
gta-v-sign-0006,prop_sign_road_01a,standard_stop,los_santos_blaine_county,True,-2266.7798,3336.8223,31.844904,0.05585501,-0.026045004,0.93855524,-0.3395821,update\x64\dlcpacks\patchday2ng\dlc.rpf\x64\levels\gta5\_hills\country_03\country_03_metadata.rpf\cs3_07_strm_5.ymap
gta-v-sign-0007,prop_sign_road_01a,standard_stop,los_santos_blaine_county,True,-2265.8416,3313.829,31.976694,0.0,0.0,0.2588199,0.9659256,update\x64\dlcpacks\patchday2ng\dlc.rpf\x64\levels\gta5\_hills\country_03\country_03_metadata.rpf\cs3_07_strm_5.ymap
gta-v-sign-0008,prop_sign_road_01a,standard_stop,los_santos_blaine_county,True,-2256.8135,3328.557,31.78058,0.0,0.0,-0.49999902,0.866026,update\x64\dlcpacks\patchday2ng\dlc.rpf\x64\levels\gta5\_hills\country_03\country_03_metadata.rpf\cs3_07_strm_5.ymap
gta-v-sign-0009,prop_sign_road_01a,standard_stop,los_santos_blaine_county,True,-2210.5483,3287.402,31.78058,0.0,0.0,0.8870111,0.46174806,update\x64\dlcpacks\patchday2ng\dlc.rpf\x64\levels\gta5\_hills\country_03\country_03_metadata.rpf\cs3_07_strm_5.ymap
gta-v-sign-0010,prop_sign_road_01a,standard_stop,los_santos_blaine_county,True,-2186.462,3290.2766,31.809917,0.0,0.0,0.9396924,-0.34202108,update\x64\dlcpacks\patchday2ng\dlc.rpf\x64\levels\gta5\_hills\country_03\country_03_metadata.rpf\cs3_07_strm_5.ymap
gta-v-sign-0011,prop_sign_road_01a,standard_stop,los_santos_blaine_county,True,-2146.3152,3327.5583,31.809917,0.0,0.0,0.30070594,0.95371693,update\x64\dlcpacks\patchday2ng\dlc.rpf\x64\levels\gta5\_hills\country_03\country_03_metadata.rpf\cs3_07_strm_5.ymap
gta-v-sign-0012,prop_sign_road_01a,standard_stop,los_santos_blaine_county,True,-2138.786,3340.9006,31.809917,0.0,0.0,-0.4226179,0.90630794,update\x64\dlcpacks\patchday2ng\dlc.rpf\x64\levels\gta5\_hills\country_03\country_03_metadata.rpf\cs3_07_strm_5.ymap
gta-v-sign-0013,prop_sign_road_01a,standard_stop,los_santos_blaine_county,True,-2087.5623,2302.0334,36.62873,0.0044830004,-0.002763,-0.12393702,0.99227613,update\update.rpf\dlc_patch\mpheist\x64\levels\gta5\_hills\cityhills_01\cityhills_01_metadata.rpf\hei_ch1_04_strm_1.ymap
gta-v-sign-0014,prop_sign_road_01a,standard_stop,los_santos_blaine_county,True,-2030.5193,3260.663,31.817371,0.0,0.0,0.9537169,0.30070597,update\x64\dlcpacks\patchday2ng\dlc.rpf\x64\levels\gta5\_hills\country_03\country_03_metadata.rpf\cs3_07_strm_10.ymap
gta-v-sign-0015,prop_sign_road_01a,standard_stop,los_santos_blaine_county,True,-2016.3623,3252.147,31.817371,0.0,0.0,0.34201995,0.9396927,update\x64\dlcpacks\patchday2ng\dlc.rpf\x64\levels\gta5\_hills\country_03\country_03_metadata.rpf\cs3_07_strm_10.ymap
gta-v-sign-0016,prop_sign_road_01a,standard_stop,los_santos_blaine_county,True,-2008.4458,3265.6714,31.817371,0.0,0.0,-0.5000003,0.86602527,update\x64\dlcpacks\patchday2ng\dlc.rpf\x64\levels\gta5\_hills\country_03\country_03_metadata.rpf\cs3_07_strm_10.ymap
gta-v-sign-0017,prop_sign_road_01a,standard_stop,los_santos_blaine_county,True,-1942.091,3209.889,31.817371,0.0,0.0,0.8870111,0.46174806,update\x64\dlcpacks\patchday2ng\dlc.rpf\x64\levels\gta5\_hills\country_03\country_03_metadata.rpf\cs3_07_strm_7.ymap
gta-v-sign-0018,prop_sign_road_01a,standard_stop,los_santos_blaine_county,True,-1930.042,3201.7485,31.817371,0.0,0.0,0.25881898,0.9659258,update\x64\dlcpacks\patchday2ng\dlc.rpf\x64\levels\gta5\_hills\country_03\country_03_metadata.rpf\cs3_07_strm_7.ymap
gta-v-sign-0019,prop_sign_road_01a,standard_stop,los_santos_blaine_county,True,-1913.811,2886.1099,31.770842,0.0,0.0,-0.4226179,0.90630794,update\x64\dlcpacks\patchday2ng\dlc.rpf\x64\levels\gta5\_hills\country_03\country_03_metadata.rpf\cs3_07_strm_16.ymap
gta-v-sign-0020,prop_sign_road_01a,standard_stop,los_santos_blaine_county,True,-1906.7703,-218.5877,35.6872,0.0,0.0,0.3475258,0.9376704,update\x64\dlcpacks\patchday27ng\dlc.rpf\x64\levels\gta5\_cityw\santamon_01\santamon_metadata.rpf\sm_rd_strm_0.ymap
gta-v-sign-0021,prop_sign_road_01a,standard_stop,los_santos_blaine_county,True,-1843.0942,3076.1147,31.85734,0.0,0.0,0.9659259,-0.25881898,update\x64\dlcpacks\patchday2ng\dlc.rpf\x64\levels\gta5\_hills\country_03\country_03_metadata.rpf\cs3_07_strm_9.ymap
gta-v-sign-0022,prop_sign_road_01a,standard_stop,los_santos_blaine_county,True,-1832.1594,145.45688,77.10415,0.003872,0.014458,0.965853,-0.258658,update\x64\dlcpacks\patchday27ng\dlc.rpf\x64\levels\gta5\_cityw\beverly_01\beverly_metadata.rpf\bh1_rd_strm_2.ymap
gta-v-sign-0023,prop_sign_road_01a,standard_stop,los_santos_blaine_county,True,-1830.7697,3206.3914,31.846758,0.0,0.0,0.93969274,-0.34201992,update\x64\dlcpacks\patchday2ng\dlc.rpf\x64\levels\gta5\_hills\country_03\country_03_metadata.rpf\cs3_07_strm_8.ymap
gta-v-sign-0024,prop_sign_road_01a,standard_stop,los_santos_blaine_county,True,-1806.7142,2843.755,31.920292,0.0,0.0,0.9659259,-0.25881898,update\x64\dlcpacks\patchday2ng\dlc.rpf\x64\levels\gta5\_hills\country_03\country_03_metadata.rpf\cs3_07_strm_16.ymap
gta-v-sign-0025,prop_sign_road_01a,standard_stop,los_santos_blaine_county,True,-1799.306,-462.67078,40.290817,0.0,0.0,0.9053214,0.4247272,update\x64\dlcpacks\patchday27ng\dlc.rpf\x64\levels\gta5\_cityw\santamon_01\santamon_metadata.rpf\sm_rd_strm_0.ymap
gta-v-sign-0026,prop_sign_road_01a,standard_stop,los_santos_blaine_county,True,-1792.3832,-454.5345,40.848305,0.0,0.0,0.9053214,0.4247272,update\x64\dlcpacks\patchday27ng\dlc.rpf\x64\levels\gta5\_cityw\santamon_01\santamon_metadata.rpf\sm_rd_strm_0.ymap
gta-v-sign-0027,prop_sign_road_01a,standard_stop,los_santos_blaine_county,True,-1785.7084,3151.5508,31.85734,0.0,0.0,0.38268292,0.92387974,update\x64\dlcpacks\patchday2ng\dlc.rpf\x64\levels\gta5\_hills\country_03\country_03_metadata.rpf\cs3_07_strm_8.ymap
gta-v-sign-0028,prop_sign_road_01a,standard_stop,los_santos_blaine_county,True,-1780.7468,3267.1045,31.828327,0.0,0.0,0.25881898,0.9659258,update\x64\dlcpacks\patchday2ng\dlc.rpf\x64\levels\gta5\_hills\country_03\country_03_metadata.rpf\cs3_07_strm_13.ymap
gta-v-sign-0029,prop_sign_road_01a,standard_stop,los_santos_blaine_county,True,-1774.8988,97.93448,69.103714,-0.012046999,-0.008881999,-0.5933849,0.8047797,update\x64\dlcpacks\patchday27ng\dlc.rpf\x64\levels\gta5\_cityw\beverly_01\beverly_metadata.rpf\bh1_rd_strm_2.ymap
gta-v-sign-0030,prop_sign_road_01a,standard_stop,los_santos_blaine_county,True,-1769.7212,-460.66052,40.151123,0.0,0.0,-0.594924,0.803782,update\x64\dlcpacks\patchday27ng\dlc.rpf\x64\levels\gta5\_cityw\santamon_01\santamon_metadata.rpf\sm_rd_strm_0.ymap
gta-v-sign-0031,prop_sign_road_01a,standard_stop,los_santos_blaine_county,True,-1767.5674,-488.47064,38.574585,0.0,0.0,-0.35242212,0.9358412,update\x64\dlcpacks\patchday27ng\dlc.rpf\x64\levels\gta5\_cityw\santamon_01\santamon_metadata.rpf\sm_rd_strm_0.ymap
gta-v-sign-0032,prop_sign_road_01a,standard_stop,los_santos_blaine_county,True,-1747.6031,3158.4172,31.805784,0.0,0.0,0.93969274,-0.34201992,update\x64\dlcpacks\patchday2ng\dlc.rpf\x64\levels\gta5\_hills\country_03\country_03_metadata.rpf\cs3_07_strm_8.ymap
gta-v-sign-0033,prop_sign_road_01a,standard_stop,los_santos_blaine_county,True,-1742.8792,2933.786,31.935266,0.0,0.0,0.30070594,0.95371693,update\x64\dlcpacks\patchday2ng\dlc.rpf\x64\levels\gta5\_hills\country_03\country_03_metadata.rpf\cs3_07_strm_16.ymap
gta-v-sign-0034,prop_sign_road_01a,standard_stop,los_santos_blaine_county,True,-1740.153,2999.1226,31.709816,0.0,0.0,0.8870107,0.4617488,update\x64\dlcpacks\patchday2ng\dlc.rpf\x64\levels\gta5\_hills\country_03\country_03_metadata.rpf\cs3_07_strm_9.ymap
gta-v-sign-0035,prop_sign_road_01a,standard_stop,los_santos_blaine_county,True,-1728.1855,2986.1926,31.802792,0.0,0.0,0.34201995,0.9396927,update\x64\dlcpacks\patchday2ng\dlc.rpf\x64\levels\gta5\_hills\country_03\country_03_metadata.rpf\cs3_07_strm_16.ymap
gta-v-sign-0036,prop_sign_road_01a,standard_stop,los_santos_blaine_county,True,-1722.3472,3008.6711,31.844398,0.0,0.0,-0.67559034,0.73727727,update\x64\dlcpacks\patchday2ng\dlc.rpf\x64\levels\gta5\_hills\country_03\country_03_metadata.rpf\cs3_07_strm_14.ymap
gta-v-sign-0037,prop_sign_road_01a,standard_stop,los_santos_blaine_county,True,-1712.8345,-560.0412,36.143105,0.0,0.0,0.346703,0.937975,update\x64\dlcpacks\patchday27ng\dlc.rpf\x64\levels\gta5\_cityw\santamon_01\santamon_metadata.rpf\sm_rd_strm_0.ymap
gta-v-sign-0038,prop_sign_road_01a,standard_stop,los_santos_blaine_county,True,-1710.0167,-384.7465,46.230835,-0.015001005,-0.019352006,0.37599015,0.9263001,update\x64\dlcpacks\patchday27ng\dlc.rpf\x64\levels\gta5\_cityw\santamon_01\santamon_metadata.rpf\sm_rd_strm_0.ymap
gta-v-sign-0039,prop_sign_road_01a,standard_stop,los_santos_blaine_county,True,-1702.5076,-511.05994,36.526756,0.0,0.0,0.9515575,-0.30747083,update\x64\dlcpacks\patchday27ng\dlc.rpf\x64\levels\gta5\_cityw\santamon_01\santamon_metadata.rpf\sm_rd_strm_0.ymap
gta-v-sign-0040,prop_sign_road_01a,standard_stop,los_santos_blaine_county,True,-1697.6865,3218.961,32.064762,0.0,0.0,0.25881898,0.9659258,update\x64\dlcpacks\patchday2ng\dlc.rpf\x64\levels\gta5\_hills\country_03\country_03_metadata.rpf\cs3_07_strm_14.ymap
gta-v-sign-0041,prop_sign_road_01a,standard_stop,los_santos_blaine_county,True,-1678.8282,-378.66852,47.477356,-0.015001005,-0.019352006,0.37599015,0.9263001,update\x64\dlcpacks\patchday27ng\dlc.rpf\x64\levels\gta5\_cityw\santamon_01\santamon_metadata.rpf\sm_rd_strm_2.ymap
gta-v-sign-0042,prop_sign_road_01a,standard_stop,los_santos_blaine_county,True,-1667.647,105.25632,62.811745,0.0,0.0,-0.39073104,0.92050487,update\x64\dlcpacks\patchday27ng\dlc.rpf\x64\levels\gta5\_cityw\beverly_01\beverly_metadata.rpf\bh1_rd_strm_2.ymap
gta-v-sign-0043,prop_sign_road_01a,standard_stop,los_santos_blaine_county,True,-1651.8325,-555.1427,32.60064,0.0,0.0,0.9002048,-0.43546692,update\x64\dlcpacks\patchday27ng\dlc.rpf\x64\levels\gta5\_cityw\santamon_01\santamon_metadata.rpf\sm_rd_strm_1.ymap
gta-v-sign-0044,prop_sign_road_01a,standard_stop,los_santos_blaine_county,True,-1650.9177,-468.6611,37.851036,0.0,0.0,0.30380085,0.95273554,update\x64\dlcpacks\patchday27ng\dlc.rpf\x64\levels\gta5\_cityw\santamon_01\santamon_metadata.rpf\sm_rd_strm_1.ymap
gta-v-sign-0045,prop_sign_road_01a,standard_stop,los_santos_blaine_county,True,-1634.1416,-425.23386,38.472553,0.0,0.0,0.95386124,-0.30024806,update\x64\dlcpacks\patchday27ng\dlc.rpf\x64\levels\gta5\_cityw\santamon_01\santamon_metadata.rpf\sm_rd_strm_1.ymap
gta-v-sign-0046,prop_sign_road_01a,standard_stop,los_santos_blaine_county,True,-1625.2207,-589.03326,32.464394,0.0,0.0,-0.36360893,0.9315517,update\x64\dlcpacks\patchday27ng\dlc.rpf\x64\levels\gta5\_cityw\santamon_01\santamon_metadata.rpf\sm_rd_strm_1.ymap
gta-v-sign-0047,prop_sign_road_01a,standard_stop,los_santos_blaine_county,True,-1620.0548,-451.79364,37.607002,0.0,0.0,-0.458681,0.888601,update\x64\dlcpacks\patchday27ng\dlc.rpf\x64\levels\gta5\_cityw\santamon_01\santamon_metadata.rpf\sm_rd_strm_1.ymap
gta-v-sign-0048,prop_sign_road_01a,standard_stop,los_santos_blaine_county,True,-1602.386,-311.6168,49.451042,0.003789001,-0.014949005,-0.4473921,0.894205,update\x64\dlcpacks\patchday27ng\dlc.rpf\x64\levels\gta5\_cityw\santamon_01\santamon_metadata.rpf\sm_rd_strm_2.ymap
gta-v-sign-0049,prop_sign_road_01a,standard_stop,los_santos_blaine_county,True,-1599.5629,-502.1169,34.44664,0.0,0.0,0.993813,0.111067005,update\x64\dlcpacks\patchday27ng\dlc.rpf\x64\levels\gta5\_cityw\santamon_01\santamon_metadata.rpf\sm_rd_strm_1.ymap
gta-v-sign-0050,prop_sign_road_01a,standard_stop,los_santos_blaine_county,True,-1592.5985,-499.17566,34.491898,0.0,0.0,0.9433916,0.3316809,update\x64\dlcpacks\patchday27ng\dlc.rpf\x64\levels\gta5\_cityw\santamon_01\santamon_metadata.rpf\sm_rd_strm_1.ymap
gta-v-sign-0051,prop_sign_road_01a,standard_stop,los_santos_blaine_county,True,-1589.5981,-298.4311,49.037575,0.003789001,-0.014949005,-0.4473921,0.894205,update\x64\dlcpacks\patchday27ng\dlc.rpf\x64\levels\gta5\_cityw\santamon_01\santamon_metadata.rpf\sm_rd_strm_2.ymap
gta-v-sign-0052,prop_sign_road_01a,standard_stop,los_santos_blaine_county,True,-1588.5857,-863.34766,9.045464,0.0,0.0,0.9340612,-0.3571131,update\x64\dlcpacks\patchday27ng\dlc.rpf\x64\levels\gta5\_cityw\santamon_01\santamon_metadata.rpf\sm_rd_strm_3.ymap
gta-v-sign-0053,prop_sign_road_01a,standard_stop,los_santos_blaine_county,True,-1561.4999,-486.2956,34.470085,0.0,0.0,0.8808254,-0.4734412,update\x64\dlcpacks\patchday27ng\dlc.rpf\x64\levels\gta5\_cityw\santamon_01\santamon_metadata.rpf\sm_rd_strm_1.ymap
gta-v-sign-0054,prop_sign_road_01a,standard_stop,los_santos_blaine_county,True,-1558.8336,-857.5909,9.124405,0.0,0.0,0.363421,0.931625,update\x64\dlcpacks\patchday27ng\dlc.rpf\x64\levels\gta5\_cityw\santamon_01\santamon_metadata.rpf\sm_rd_strm_3.ymap
gta-v-sign-0055,prop_sign_road_01a,standard_stop,los_santos_blaine_county,True,-1550.8994,-639.10266,28.177715,0.0,0.0,-0.6622648,0.74926984,update\x64\dlcpacks\patchday27ng\dlc.rpf\x64\levels\gta5\_cityw\santamon_01\santamon_metadata.rpf\sm_rd_strm_1.ymap
gta-v-sign-0056,prop_sign_road_01a,standard_stop,los_santos_blaine_county,True,-1539.8666,-847.62445,9.123627,0.0,0.0,-0.5231783,0.8522233,update\x64\dlcpacks\patchday27ng\dlc.rpf\x64\levels\gta5\_cityw\santamon_01\santamon_metadata.rpf\sm_rd_strm_3.ymap
gta-v-sign-0057,prop_sign_road_01a,standard_stop,los_santos_blaine_county,True,-1530.9203,-652.32135,28.030666,0.0,0.0,0.86786443,-0.49680126,update\x64\dlcpacks\patchday27ng\dlc.rpf\x64\levels\gta5\_cityw\santamon_01\santamon_metadata.rpf\sm_rd_strm_1.ymap
gta-v-sign-0058,prop_sign_road_01a,standard_stop,los_santos_blaine_county,True,-1528.4421,2115.6794,55.551956,0.043578014,0.0019030008,0.99809736,0.043578014,update\x64\dlcpacks\mplowrider\dlc.rpf\x64\levels\gta5\_hills\country_06\country_06_metadata.rpf\lr_cs6_09_strm_0.ymap
gta-v-sign-0059,prop_sign_road_01a,standard_stop,los_santos_blaine_county,True,-1525.8372,2163.9734,54.067795,-0.025418,0.032983,-0.38236904,0.92307097,update\x64\dlcpacks\mplowrider\dlc.rpf\x64\levels\gta5\_hills\country_06\country_06_metadata.rpf\lr_cs6_09_strm_0.ymap
gta-v-sign-0060,prop_sign_road_01a,standard_stop,los_santos_blaine_county,True,-1509.2822,2145.6267,55.049774,0.005371,-0.005371,0.76581,0.643022,update\x64\dlcpacks\mplowrider\dlc.rpf\x64\levels\gta5\_hills\country_06\country_06_metadata.rpf\lr_cs6_09_strm_0.ymap
gta-v-sign-0061,prop_sign_road_01a,standard_stop,los_santos_blaine_county,True,-1508.0804,-279.94595,49.144184,0.0,0.0,0.35486022,0.93491936,update\x64\dlcpacks\patchday27ng\dlc.rpf\x64\levels\gta5\_cityw\santamon_01\santamon_metadata.rpf\sm_rd_strm_2.ymap
gta-v-sign-0062,prop_sign_road_01a,standard_stop,los_santos_blaine_county,True,-1507.385,228.98917,59.08219,0.0,0.0,0.7351172,0.6779402,update\x64\dlcpacks\patchday27ng\dlc.rpf\x64\levels\gta5\_cityw\beverly_01\beverly_metadata.rpf\bh1_rd_strm_2.ymap
gta-v-sign-0063,prop_sign_road_01a,standard_stop,los_santos_blaine_county,True,-1461.51,-477.75693,34.024384,0.0,0.0,0.56032395,0.8282736,update\x64\dlcpacks\patchday27ng\dlc.rpf\x64\levels\gta5\_cityw\santamon_01\santamon_metadata.rpf\sm_rd_strm_1.ymap
gta-v-sign-0064,prop_sign_road_01a,standard_stop,los_santos_blaine_county,True,-1456.3293,52.831192,51.55641,0.0,0.0,0.7132504,0.70090944,update\x64\dlcpacks\patchday27ng\dlc.rpf\x64\levels\gta5\_cityw\beverly_01\beverly_metadata.rpf\bh1_rd_strm_2.ymap
gta-v-sign-0065,prop_sign_road_01a,standard_stop,los_santos_blaine_county,True,-1446.0128,-774.12244,22.503227,0.0,0.0,0.3355952,0.9420063,update\x64\dlcpacks\patchday27ng\dlc.rpf\x64\levels\gta5\_cityw\santamon_01\santamon_metadata.rpf\sm_rd_strm_3.ymap
gta-v-sign-0066,prop_sign_road_01a,standard_stop,los_santos_blaine_county,True,-1430.1031,-735.3103,22.578041,0.0,0.0,0.92666477,-0.3758889,update\x64\dlcpacks\patchday27ng\dlc.rpf\x64\levels\gta5\_cityw\santamon_01\santamon_metadata.rpf\sm_rd_strm_3.ymap
gta-v-sign-0067,prop_sign_road_01a,standard_stop,los_santos_blaine_county,True,-1427.2491,-913.9508,9.716061,0.0,0.0,0.84663886,0.5321679,update\x64\dlcpacks\patchday27ng\dlc.rpf\x64\levels\gta5\_cityw\santamon_01\santamon_metadata.rpf\sm_rd_strm_3.ymap
gta-v-sign-0068,prop_sign_road_01a,standard_stop,los_santos_blaine_county,True,-1426.3221,271.6363,59.70962,0.0,0.0,-0.038396988,0.9992626,update\x64\dlcpacks\patchday27ng\dlc.rpf\x64\levels\gta5\_cityw\beverly_01\beverly_metadata.rpf\bh1_rd_strm_2.ymap
gta-v-sign-0069,prop_sign_road_01a,standard_stop,los_santos_blaine_county,True,-1424.8668,-303.20688,43.27327,0.015911995,-0.0017059994,0.9370226,-0.34890187,update\x64\dlcpacks\patchday27ng\dlc.rpf\x64\levels\gta5\_cityw\beverly_01\beverly_metadata.rpf\bh1_rd_strm_0.ymap
gta-v-sign-0070,prop_sign_road_01a,standard_stop,los_santos_blaine_county,True,-1418.8682,-932.7204,9.716061,0.0,0.0,0.3431431,0.93928313,update\x64\dlcpacks\patchday27ng\dlc.rpf\x64\levels\gta5\_cityw\santamon_01\santamon_metadata.rpf\sm_rd_strm_3.ymap
gta-v-sign-0071,prop_sign_road_01a,standard_stop,los_santos_blaine_county,True,-1417.5306,-485.0613,32.49308,0.0,0.0,0.891669,-0.45268798,update\x64\dlcpacks\patchday27ng\dlc.rpf\x64\levels\gta5\_cityw\santamon_01\santamon_metadata.rpf\sm_rd_strm_1.ymap
gta-v-sign-0072,prop_sign_road_01a,standard_stop,los_santos_blaine_county,True,-1404.0867,-898.66656,9.967842,0.0,0.0,0.91333723,-0.4072041,update\x64\dlcpacks\patchday27ng\dlc.rpf\x64\levels\gta5\_cityw\santamon_01\santamon_metadata.rpf\sm_rd_strm_3.ymap
gta-v-sign-0073,prop_sign_road_01a,standard_stop,los_santos_blaine_county,True,-1399.7612,-549.7856,29.348087,0.0,0.0,0.9393365,0.34299716,update\x64\dlcpacks\patchday27ng\dlc.rpf\x64\levels\gta5\_cityw\santamon_01\santamon_metadata.rpf\sm_rd_strm_2.ymap
gta-v-sign-0074,prop_sign_road_01a,standard_stop,los_santos_blaine_county,True,-1398.5435,-923.8299,9.967842,0.0,0.0,-0.35175425,0.9360924,update\x64\dlcpacks\patchday27ng\dlc.rpf\x64\levels\gta5\_cityw\santamon_01\santamon_metadata.rpf\sm_rd_strm_3.ymap
gta-v-sign-0075,prop_sign_road_01a,standard_stop,los_santos_blaine_county,True,-1392.31,-91.13172,51.62036,0.00059899973,-0.00013599994,-0.018124992,0.99983555,update\x64\dlcpacks\patchday27ng\dlc.rpf\x64\levels\gta5\_cityw\beverly_01\beverly_metadata.rpf\bh1_rd_strm_2.ymap
gta-v-sign-0076,prop_sign_road_01a,standard_stop,los_santos_blaine_county,True,-1390.0411,-582.5792,29.215511,0.0,0.0,0.44631827,0.89487433,update\x64\dlcpacks\patchday27ng\dlc.rpf\x64\levels\gta5\_cityw\santamon_01\santamon_metadata.rpf\sm_rd_strm_2.ymap
gta-v-sign-0077,prop_sign_road_01a,standard_stop,los_santos_blaine_county,True,-1374.3749,-277.4972,41.912224,0.002136,0.015860002,0.37409303,0.9272531,update\x64\dlcpacks\patchday27ng\dlc.rpf\x64\levels\gta5\_cityw\beverly_01\beverly_metadata.rpf\bh1_rd_strm_0.ymap
gta-v-sign-0078,prop_sign_road_01a,standard_stop,los_santos_blaine_county,True,-1370.6719,-990.3104,7.257401,0.0,0.0,0.9631192,0.2690751,update\x64\dlcpacks\patchday27ng\dlc.rpf\x64\levels\gta5\_cityw\venice_01\venice_metadata.rpf\vb_rd_strm_0.ymap
gta-v-sign-0079,prop_sign_road_01a,standard_stop,los_santos_blaine_county,True,-1365.5844,-1011.6473,7.292572,0.0,0.0,0.4907791,0.87128407,update\x64\dlcpacks\patchday27ng\dlc.rpf\x64\levels\gta5\_cityw\venice_01\venice_metadata.rpf\vb_rd_strm_0.ymap
gta-v-sign-0080,prop_sign_road_01a,standard_stop,los_santos_blaine_county,True,-1365.4707,-572.28,29.184883,0.0,0.0,-0.31040606,0.9506041,update\x64\dlcpacks\patchday27ng\dlc.rpf\x64\levels\gta5\_cityw\santamon_01\santamon_metadata.rpf\sm_rd_strm_2.ymap
gta-v-sign-0081,prop_sign_road_01a,standard_stop,los_santos_blaine_county,True,-1362.6534,-534.7471,29.32301,0.0,0.0,0.8557679,-0.51736,update\x64\dlcpacks\patchday27ng\dlc.rpf\x64\levels\gta5\_cityw\santamon_01\santamon_metadata.rpf\sm_rd_strm_2.ymap
gta-v-sign-0082,prop_sign_road_01a,standard_stop,los_santos_blaine_county,True,-1362.4187,2154.6863,50.883743,-0.030843986,0.030843986,-0.7064338,0.7064338,update\x64\dlcpacks\mplowrider\dlc.rpf\x64\levels\gta5\_hills\country_06\country_06_metadata.rpf\lr_cs6_09_strm_0.ymap
gta-v-sign-0083,prop_sign_road_01a,standard_stop,los_santos_blaine_county,True,-1359.917,-2426.7026,12.970689,0.0,0.0,0.9659259,-0.25881898,update\x64\dlcpacks\mpheist\dlc.rpf\x64\levels\gta5\_cityw\airport_01\airport_metadata.rpf\hei_ap1_01_a_strm_6.ymap
gta-v-sign-0084,prop_sign_road_01a,standard_stop,los_santos_blaine_county,True,-1354.0833,-982.58484,7.285923,0.0,0.0,0.8561957,-0.5166518,update\x64\dlcpacks\patchday27ng\dlc.rpf\x64\levels\gta5\_cityw\venice_01\venice_metadata.rpf\vb_rd_strm_0.ymap
gta-v-sign-0085,prop_sign_road_01a,standard_stop,los_santos_blaine_county,True,-1346.6786,-860.66986,15.834942,0.0,0.0,0.39768088,0.9175238,update\x64\dlcpacks\patchday27ng\dlc.rpf\x64\levels\gta5\_cityw\santamon_01\santamon_metadata.rpf\sm_rd_strm_3.ymap
gta-v-sign-0086,prop_sign_road_01a,standard_stop,los_santos_blaine_county,True,-1343.9613,-1010.69214,7.113438,0.0,0.0,-0.24325392,0.96996266,update\x64\dlcpacks\patchday27ng\dlc.rpf\x64\levels\gta5\_cityw\venice_01\venice_metadata.rpf\vb_rd_strm_0.ymap
gta-v-sign-0087,prop_sign_road_01a,standard_stop,los_santos_blaine_county,True,-1336.6965,2159.4958,52.226532,-0.0039169993,0.014618999,0.9064789,0.42197993,update\x64\dlcpacks\mplowrider\dlc.rpf\x64\levels\gta5\_hills\country_06\country_06_metadata.rpf\lr_cs6_09_strm_0.ymap
gta-v-sign-0088,prop_sign_road_01a,standard_stop,los_santos_blaine_county,True,-1319.2509,-1081.902,5.935188,0.0,0.0,0.9659259,0.25881898,update\x64\dlcpacks\patchday27ng\dlc.rpf\x64\levels\gta5\_cityw\venice_01\venice_metadata.rpf\vb_rd_strm_0.ymap
gta-v-sign-0089,prop_sign_road_01a,standard_stop,los_santos_blaine_county,True,-1307.668,-1183.4618,3.88031,0.0,0.0,0.98476934,0.17386606,update\x64\dlcpacks\patchday27ng\dlc.rpf\x64\levels\gta5\_cityw\venice_01\venice_metadata.rpf\vb_rd_strm_2.ymap
gta-v-sign-0090,prop_sign_road_01a,standard_stop,los_santos_blaine_county,True,-1303.6976,-1203.6151,3.808289,0.0,0.0,0.5471872,0.83701026,update\x64\dlcpacks\patchday27ng\dlc.rpf\x64\levels\gta5\_cityw\venice_01\venice_metadata.rpf\vb_rd_strm_2.ymap
gta-v-sign-0091,prop_sign_road_01a,standard_stop,los_santos_blaine_county,True,-1284.2156,-1202.5989,3.88031,0.0,0.0,-0.16994706,0.9854532,update\x64\dlcpacks\patchday27ng\dlc.rpf\x64\levels\gta5\_cityw\venice_01\venice_metadata.rpf\vb_rd_strm_2.ymap
gta-v-sign-0092,prop_sign_road_01a,standard_stop,los_santos_blaine_county,True,-1282.282,-1178.9844,3.88031,0.0,0.0,0.8370103,-0.54718715,update\x64\dlcpacks\patchday27ng\dlc.rpf\x64\levels\gta5\_cityw\venice_01\venice_metadata.rpf\vb_rd_strm_2.ymap
gta-v-sign-0093,prop_sign_road_01a,standard_stop,los_santos_blaine_county,True,-1274.4152,-1283.4923,2.961853,0.0,0.0,0.5471872,0.83701026,update\x64\dlcpacks\patchday27ng\dlc.rpf\x64\levels\gta5\_cityw\venice_01\venice_metadata.rpf\vb_rd_strm_2.ymap
gta-v-sign-0094,prop_sign_road_01a,standard_stop,los_santos_blaine_county,True,-1260.8734,-441.5792,32.60611,-0.006820003,0.010466005,0.9496265,0.31313515,update\x64\dlcpacks\patchday27ng\dlc.rpf\x64\levels\gta5\_cityw\beverly_01\beverly_metadata.rpf\bh1_rd_strm_1.ymap
gta-v-sign-0095,prop_sign_road_01a,standard_stop,los_santos_blaine_county,True,-1249.4937,-1259.5676,3.475281,0.0,0.0,0.8123818,-0.5831259,update\x64\dlcpacks\patchday27ng\dlc.rpf\x64\levels\gta5\_cityw\venice_01\venice_metadata.rpf\vb_rd_strm_2.ymap
gta-v-sign-0096,prop_sign_road_01a,standard_stop,los_santos_blaine_county,True,-1239.0522,-1362.3098,3.088573,0.0,0.0,0.97933376,0.20225096,update\x64\dlcpacks\patchday27ng\dlc.rpf\x64\levels\gta5\_cityw\venice_01\venice_metadata.rpf\vb_rd_strm_2.ymap
gta-v-sign-0097,prop_sign_road_01a,standard_stop,los_santos_blaine_county,True,-1237.19,-609.74115,26.236351,-0.030304994,0.024775997,0.39547393,0.9176427,update\x64\dlcpacks\patchday27ng\dlc.rpf\x64\levels\gta5\_cityw\beverly_01\beverly_metadata.rpf\bh1_rd_strm_1.ymap
gta-v-sign-0098,prop_sign_road_01a,standard_stop,los_santos_blaine_county,True,-1234.5848,-1384.9984,2.971619,0.0,0.0,0.5471872,0.83701026,update\x64\dlcpacks\patchday27ng\dlc.rpf\x64\levels\gta5\_cityw\venice_01\venice_metadata.rpf\vb_rd_strm_2.ymap
gta-v-sign-0099,prop_sign_road_01a,standard_stop,los_santos_blaine_county,True,-1228.7699,-1168.6923,6.531975,0.0,0.0,0.591718,0.806145,update\x64\dlcpacks\patchday27ng\dlc.rpf\x64\levels\gta5\_cityw\venice_01\venice_metadata.rpf\vb_rd_strm_2.ymap
gta-v-sign-0100,prop_sign_road_01a,standard_stop,los_santos_blaine_county,True,-1215.5117,-1109.0665,6.714539,0.0,0.0,0.8120048,-0.5836509,update\x64\dlcpacks\patchday27ng\dlc.rpf\x64\levels\gta5\_cityw\venice_01\venice_metadata.rpf\vb_rd_strm_0.ymap
gta-v-sign-0101,prop_sign_road_01a,standard_stop,los_santos_blaine_county,True,-1212.2101,-1236.3441,5.93708,0.0,0.0,0.9907554,0.13566104,update\x64\dlcpacks\patchday27ng\dlc.rpf\x64\levels\gta5\_cityw\venice_01\venice_metadata.rpf\vb_rd_strm_2.ymap
gta-v-sign-0102,prop_sign_road_01a,standard_stop,los_santos_blaine_county,True,-1211.834,-1261.1595,5.978714,0.0,0.0,0.5606601,0.8280461,update\x64\dlcpacks\patchday27ng\dlc.rpf\x64\levels\gta5\_cityw\venice_01\venice_metadata.rpf\vb_rd_strm_2.ymap
gta-v-sign-0103,prop_sign_road_01a,standard_stop,los_santos_blaine_county,True,-1193.2305,-1202.4653,6.541443,0.0,0.0,0.7609291,-0.64883506,update\x64\dlcpacks\patchday27ng\dlc.rpf\x64\levels\gta5\_cityw\venice_01\venice_metadata.rpf\vb_rd_strm_3.ymap
gta-v-sign-0104,prop_sign_road_01a,standard_stop,los_santos_blaine_county,True,-1186.342,-1250.9457,5.911991,0.0,0.0,-0.23346393,0.97236544,update\x64\dlcpacks\patchday27ng\dlc.rpf\x64\levels\gta5\_cityw\venice_01\venice_metadata.rpf\vb_rd_strm_3.ymap
gta-v-sign-0105,prop_sign_road_01a,standard_stop,los_santos_blaine_county,True,-1182.4895,393.0897,72.92175,0.0,0.0,0.08033003,0.9967683,update\x64\dlcpacks\patchday27ng\dlc.rpf\x64\levels\gta5\_cityw\beverly_01\beverly_metadata.rpf\bh1_rd_strm_2.ymap
gta-v-sign-0106,prop_sign_road_01a,standard_stop,los_santos_blaine_county,True,-1176.4028,-862.85645,13.083008,0.0,0.0,0.44765595,0.89420587,update\x64\dlcpacks\patchday27ng\dlc.rpf\x64\levels\gta5\_cityw\venice_01\venice_metadata.rpf\vb_rd_strm_0.ymap
gta-v-sign-0107,prop_sign_road_01a,standard_stop,los_santos_blaine_county,True,-1172.4778,-825.18225,13.225731,0.0,0.0,0.8937572,-0.44855112,update\x64\dlcpacks\patchday27ng\dlc.rpf\x64\levels\gta5\_cityw\venice_01\venice_metadata.rpf\vb_rd_strm_0.ymap
gta-v-sign-0108,prop_sign_road_01a,standard_stop,los_santos_blaine_county,True,-1172.0647,-1329.0236,4.042744,0.0,0.0,0.9767741,0.21427204,update\x64\dlcpacks\patchday27ng\dlc.rpf\x64\levels\gta5\_cityw\venice_01\venice_metadata.rpf\vb_rd_strm_3.ymap
gta-v-sign-0109,prop_sign_road_01a,standard_stop,los_santos_blaine_county,True,-1166.6873,-273.72696,36.99376,0.013878999,-0.007967,0.7173259,-0.69655395,update\x64\dlcpacks\patchday27ng\dlc.rpf\x64\levels\gta5\_cityw\beverly_01\beverly_metadata.rpf\bh1_rd_strm_0.ymap
gta-v-sign-0110,prop_sign_road_01a,standard_stop,los_santos_blaine_county,True,-1164.2666,-1357.9602,3.929203,0.0,0.0,0.5220842,0.852894,update\x64\dlcpacks\patchday27ng\dlc.rpf\x64\levels\gta5\_cityw\venice_01\venice_metadata.rpf\vb_rd_strm_3.ymap
gta-v-sign-0111,prop_sign_road_01a,standard_stop,los_santos_blaine_county,True,-1157.3411,-854.8848,13.164547,0.0,0.0,-0.304388,0.95254815,update\x64\dlcpacks\patchday27ng\dlc.rpf\x64\levels\gta5\_cityw\venice_01\venice_metadata.rpf\vb_rd_strm_0.ymap
gta-v-sign-0112,prop_sign_road_01a,standard_stop,los_santos_blaine_county,True,-1153.4109,-1511.5929,3.254456,0.0,0.0,0.46113697,0.887329,update\x64\dlcpacks\patchday27ng\dlc.rpf\x64\levels\gta5\_cityw\venice_01\venice_metadata.rpf\vb_rd_strm_1.ymap
gta-v-sign-0113,prop_sign_road_01a,standard_stop,los_santos_blaine_county,True,-1150.4858,276.1883,65.503006,0.021692008,0.010642003,0.99968934,0.0061250026,update\x64\dlcpacks\patchday27ng\dlc.rpf\x64\levels\gta5\_cityw\beverly_01\beverly_metadata.rpf\bh1_rd_strm_2.ymap
gta-v-sign-0114,prop_sign_road_01a,standard_stop,los_santos_blaine_county,True,-1147.6029,-1324.0524,4.046127,0.0,0.0,0.857404,-0.514644,update\x64\dlcpacks\patchday27ng\dlc.rpf\x64\levels\gta5\_cityw\venice_01\venice_metadata.rpf\vb_rd_strm_3.ymap
gta-v-sign-0115,prop_sign_road_01a,standard_stop,los_santos_blaine_county,True,-1146.9519,-2744.6216,12.970689,0.0,0.0,0.25881898,0.9659258,update\x64\dlcpacks\mpheist\dlc.rpf\x64\levels\gta5\_cityw\airport_01\airport_metadata.rpf\hei_ap1_01_a_strm_8.ymap
gta-v-sign-0116,prop_sign_road_01a,standard_stop,los_santos_blaine_county,True,-1146.4435,-278.62613,37.108475,-0.011739003,0.010876002,-0.54286104,0.83967006,update\x64\dlcpacks\patchday27ng\dlc.rpf\x64\levels\gta5\_cityw\beverly_01\beverly_metadata.rpf\bh1_rd_strm_0.ymap
gta-v-sign-0117,prop_sign_road_01a,standard_stop,los_santos_blaine_county,True,-1144.5916,-1356.9718,4.042286,0.0,0.0,-0.22034407,0.9754222,update\x64\dlcpacks\patchday27ng\dlc.rpf\x64\levels\gta5\_cityw\venice_01\venice_metadata.rpf\vb_rd_strm_3.ymap
gta-v-sign-0118,prop_sign_road_01a,standard_stop,los_santos_blaine_county,True,-1141.4275,-1480.8276,3.16864,0.0,0.0,0.8837391,-0.46798006,update\x64\dlcpacks\patchday27ng\dlc.rpf\x64\levels\gta5\_cityw\venice_01\venice_metadata.rpf\vb_rd_strm_1.ymap
gta-v-sign-0119,prop_sign_road_01a,standard_stop,los_santos_blaine_county,True,-1133.0576,2664.8086,16.81939,0.0,0.0,0.93969274,0.34201992,update\update.rpf\dlc_patch\mpheist\x64\levels\gta5\_hills\cityhills_01\cityhills_01_metadata.rpf\hei_ch1_04b_strm_1.ymap
gta-v-sign-0120,prop_sign_road_01a,standard_stop,los_santos_blaine_county,True,-1132.1277,-269.5883,36.634926,-0.0053619985,0.015077995,-0.09188798,0.99564075,update\x64\dlcpacks\patchday27ng\dlc.rpf\x64\levels\gta5\_cityw\beverly_01\beverly_metadata.rpf\bh1_rd_strm_0.ymap
gta-v-sign-0121,prop_sign_road_01a,standard_stop,los_santos_blaine_county,True,-1131.4094,-919.82227,1.562508,0.0,0.0,0.96690124,0.25515106,update\x64\dlcpacks\patchday27ng\dlc.rpf\x64\levels\gta5\_cityw\venice_01\venice_metadata.rpf\vb_rd_strm_0.ymap
gta-v-sign-0122,prop_sign_road_01a,standard_stop,los_santos_blaine_county,True,-1126.8651,-939.10834,1.59713,0.0,0.0,0.5035621,0.8639591,update\x64\dlcpacks\patchday27ng\dlc.rpf\x64\levels\gta5\_cityw\venice_01\venice_metadata.rpf\vb_rd_strm_0.ymap
gta-v-sign-0123,prop_sign_road_01a,standard_stop,los_santos_blaine_county,True,-1126.2107,-1379.7788,4.117554,0.0,0.0,0.8482562,-0.52958614,update\x64\dlcpacks\patchday27ng\dlc.rpf\x64\levels\gta5\_cityw\venice_01\venice_metadata.rpf\vb_rd_strm_3.ymap
gta-v-sign-0124,prop_sign_road_01a,standard_stop,los_santos_blaine_county,True,-1120.7363,-1402.9282,4.084229,0.0,0.0,-0.21959904,0.9755902,update\x64\dlcpacks\patchday27ng\dlc.rpf\x64\levels\gta5\_cityw\venice_01\venice_metadata.rpf\vb_rd_strm_3.ymap
gta-v-sign-0125,prop_sign_road_01a,standard_stop,los_santos_blaine_county,True,-1111.6038,-914.9608,1.58667,0.0,0.0,0.86921185,-0.4944399,update\x64\dlcpacks\patchday27ng\dlc.rpf\x64\levels\gta5\_cityw\venice_01\venice_metadata.rpf\vb_rd_strm_0.ymap
gta-v-sign-0126,prop_sign_road_01a,standard_stop,los_santos_blaine_county,True,-1111.0825,-1569.1138,3.4245,0.0,0.0,0.46232924,0.8867084,update\x64\dlcpacks\patchday27ng\dlc.rpf\x64\levels\gta5\_cityw\venice_01\venice_metadata.rpf\vb_rd_strm_1.ymap
gta-v-sign-0127,prop_sign_road_01a,standard_stop,los_santos_blaine_county,True,-1105.6714,-933.62683,1.59713,0.0,0.0,-0.2712881,0.9624982,update\x64\dlcpacks\patchday27ng\dlc.rpf\x64\levels\gta5\_cityw\venice_01\venice_metadata.rpf\vb_rd_strm_0.ymap
gta-v-sign-0128,prop_sign_road_01a,standard_stop,los_santos_blaine_county,True,-1103.8113,-1422.4143,3.949253,0.0,0.0,0.86495656,-0.5018468,update\x64\dlcpacks\patchday27ng\dlc.rpf\x64\levels\gta5\_cityw\venice_01\venice_metadata.rpf\vb_rd_strm_3.ymap
gta-v-sign-0129,prop_sign_road_01a,standard_stop,los_santos_blaine_county,True,-1102.0394,-1468.8773,3.991516,0.0,0.0,0.46113697,0.887329,update\x64\dlcpacks\patchday27ng\dlc.rpf\x64\levels\gta5\_cityw\venice_01\venice_metadata.rpf\vb_rd_strm_1.ymap
gta-v-sign-0130,prop_sign_road_01a,standard_stop,los_santos_blaine_county,True,-1101.1104,-207.47401,36.951683,0.015285002,-0.0047400002,0.8522511,-0.52288806,update\x64\dlcpacks\patchday27ng\dlc.rpf\x64\levels\gta5\_cityw\beverly_01\beverly_metadata.rpf\bh1_rd_strm_0.ymap
gta-v-sign-0131,prop_sign_road_01a,standard_stop,los_santos_blaine_county,True,-1098.7306,392.40732,68.28372,0.0,0.0,0.84693587,0.5316949,update\x64\dlcpacks\patchday27ng\dlc.rpf\x64\levels\gta5\_cityw\beverly_01\beverly_metadata.rpf\bh1_rd_strm_2.ymap
gta-v-sign-0132,prop_sign_road_01a,standard_stop,los_santos_blaine_county,True,-1096.8239,-1542.8425,3.236389,0.0,0.0,0.8711183,-0.49107316,update\x64\dlcpacks\patchday27ng\dlc.rpf\x64\levels\gta5\_cityw\venice_01\venice_metadata.rpf\vb_rd_strm_1.ymap
gta-v-sign-0133,prop_sign_road_01a,standard_stop,los_santos_blaine_county,True,-1091.5479,-1320.0393,4.311993,0.0,0.0,0.49612817,0.8682493,update\x64\dlcpacks\patchday27ng\dlc.rpf\x64\levels\gta5\_cityw\venice_01\venice_metadata.rpf\vb_rd_strm_3.ymap
gta-v-sign-0134,prop_sign_road_01a,standard_stop,los_santos_blaine_county,True,-1084.174,346.78067,66.37511,0.0,0.0,0.9989271,0.046310008,update\x64\dlcpacks\patchday27ng\dlc.rpf\x64\levels\gta5\_cityw\beverly_01\beverly_metadata.rpf\bh1_rd_strm_3.ymap
gta-v-sign-0135,prop_sign_road_01a,standard_stop,los_santos_blaine_county,True,-1081.6986,-1463.108,3.991516,0.0,0.0,-0.29882804,0.95430696,update\x64\dlcpacks\patchday27ng\dlc.rpf\x64\levels\gta5\_cityw\venice_01\venice_metadata.rpf\vb_rd_strm_3.ymap
gta-v-sign-0136,prop_sign_road_01a,standard_stop,los_santos_blaine_county,True,-1079.0155,410.23538,67.909,0.0,0.0,0.99993974,-0.0109819975,update\x64\dlcpacks\patchday27ng\dlc.rpf\x64\levels\gta5\_cityw\beverly_01\beverly_metadata.rpf\bh1_rd_strm_3.ymap
gta-v-sign-0137,prop_sign_road_01a,standard_stop,los_santos_blaine_county,True,-1077.8428,451.0555,75.28563,0.0,0.0,-0.6988533,0.7152651,update\update.rpf\dlc_patch\mpapartment\x64\levels\gta5\_hills\cityhills_02\cityhills_02_metadata.rpf\apa_ch2_12_strm_0.ymap
gta-v-sign-0138,prop_sign_road_01a,standard_stop,los_santos_blaine_county,True,-1072.0117,325.04468,65.39307,0.0,0.0,0.0008389997,0.99999964,update\x64\dlcpacks\patchday27ng\dlc.rpf\x64\levels\gta5\_cityw\beverly_01\beverly_metadata.rpf\bh1_rd_strm_3.ymap
gta-v-sign-0139,prop_sign_road_01a,standard_stop,los_santos_blaine_county,True,-1070.6261,-1470.3846,4.033577,0.0,0.0,0.8870913,-0.4615942,update\x64\dlcpacks\patchday27ng\dlc.rpf\x64\levels\gta5\_cityw\venice_01\venice_metadata.rpf\vb_rd_strm_1.ymap
gta-v-sign-0140,prop_sign_road_01a,standard_stop,los_santos_blaine_county,True,-1070.1702,382.032,67.9599,0.0,0.0,0.011855998,0.9999297,update\x64\dlcpacks\patchday27ng\dlc.rpf\x64\levels\gta5\_cityw\beverly_01\beverly_metadata.rpf\bh1_rd_strm_3.ymap
gta-v-sign-0141,prop_sign_road_01a,standard_stop,los_santos_blaine_county,True,-1069.7103,-1023.0548,1.11853,0.0,0.0,0.9672444,0.2538471,update\x64\dlcpacks\patchday27ng\dlc.rpf\x64\levels\gta5\_cityw\venice_01\venice_metadata.rpf\vb_rd_strm_0.ymap
gta-v-sign-0142,prop_sign_road_01a,standard_stop,los_santos_blaine_county,True,-1067.4554,-1037.6271,1.11853,0.0,0.0,0.50256914,0.86453706,update\x64\dlcpacks\patchday27ng\dlc.rpf\x64\levels\gta5\_cityw\venice_01\venice_metadata.rpf\vb_rd_strm_0.ymap
gta-v-sign-0143,prop_sign_road_01a,standard_stop,los_santos_blaine_county,True,-1066.6855,346.1396,66.318924,0.0,0.0,-0.64532506,0.7639081,update\x64\dlcpacks\patchday27ng\dlc.rpf\x64\levels\gta5\_cityw\beverly_01\beverly_metadata.rpf\bh1_rd_strm_3.ymap
gta-v-sign-0144,prop_sign_road_01a,standard_stop,los_santos_blaine_county,True,-1059.1077,404.36172,68.17468,0.0,0.0,-0.698674,0.7154401,update\x64\dlcpacks\patchday27ng\dlc.rpf\x64\levels\gta5\_cityw\beverly_01\beverly_metadata.rpf\bh1_rd_strm_3.ymap
gta-v-sign-0145,prop_sign_road_01a,standard_stop,los_santos_blaine_county,True,-1056.9661,-1532.033,4.046814,0.0,0.0,0.46232924,0.8867084,update\x64\dlcpacks\patchday27ng\dlc.rpf\x64\levels\gta5\_cityw\venice_01\venice_metadata.rpf\vb_rd_strm_1.ymap
gta-v-sign-0146,prop_sign_road_01a,standard_stop,los_santos_blaine_county,True,-1054.7723,-1265.243,5.136921,0.0,0.0,0.86648583,-0.4992019,update\x64\dlcpacks\patchday27ng\dlc.rpf\x64\levels\gta5\_cityw\venice_01\venice_metadata.rpf\vb_rd_strm_3.ymap
gta-v-sign-0147,prop_sign_road_01a,standard_stop,los_santos_blaine_county,True,-1053.8806,-1319.8503,4.55088,0.0,0.0,0.23269586,0.97254956,update\x64\dlcpacks\patchday27ng\dlc.rpf\x64\levels\gta5\_cityw\venice_01\venice_metadata.rpf\vb_rd_strm_3.ymap
gta-v-sign-0148,prop_sign_road_01a,standard_stop,los_santos_blaine_county,True,-1048.4368,-1034.3367,1.11853,0.0,0.0,-0.2646169,0.9643536,update\x64\dlcpacks\patchday27ng\dlc.rpf\x64\levels\gta5\_cityw\venice_01\venice_metadata.rpf\vb_rd_strm_0.ymap
gta-v-sign-0149,prop_sign_road_01a,standard_stop,los_santos_blaine_county,True,-1034.857,-2689.6672,12.920652,0.0,0.0,0.9659259,-0.25881898,update\x64\dlcpacks\mpheist\dlc.rpf\x64\levels\gta5\_cityw\airport_01\airport_metadata.rpf\hei_ap1_01_a_strm_9.ymap
gta-v-sign-0150,prop_sign_road_01a,standard_stop,los_santos_blaine_county,True,-1020.24457,-2418.5574,12.970689,0.0,0.0,0.67559034,0.73727727,update\x64\dlcpacks\mpheist\dlc.rpf\x64\levels\gta5\_cityw\airport_01\airport_metadata.rpf\hei_ap1_01_a_strm_10.ymap
gta-v-sign-0151,prop_sign_road_01a,standard_stop,los_santos_blaine_county,True,-1017.439,-1113.8077,1.114136,0.0,0.0,0.96811074,0.25052294,update\x64\dlcpacks\patchday27ng\dlc.rpf\x64\levels\gta5\_cityw\venice_01\venice_metadata.rpf\vb_rd_strm_0.ymap
gta-v-sign-0152,prop_sign_road_01a,standard_stop,los_santos_blaine_county,True,-1013.0761,-1552.424,4.036758,0.0,0.0,0.8870913,-0.4615942,update\x64\dlcpacks\patchday27ng\dlc.rpf\x64\levels\gta5\_cityw\venice_01\venice_metadata.rpf\vb_rd_strm_4.ymap
gta-v-sign-0153,prop_sign_road_01a,standard_stop,los_santos_blaine_county,True,-1010.78253,388.4318,70.956375,0.0,0.0,0.08033003,0.9967683,update\x64\dlcpacks\patchday27ng\dlc.rpf\x64\levels\gta5\_cityw\beverly_01\beverly_metadata.rpf\bh1_rd_strm_3.ymap
gta-v-sign-0154,prop_sign_road_01a,standard_stop,los_santos_blaine_county,True,-1009.79346,-2703.5093,12.920652,0.0,0.0,0.9659259,-0.25881898,update\x64\dlcpacks\mpheist\dlc.rpf\x64\levels\gta5\_cityw\airport_01\airport_metadata.rpf\hei_ap1_01_a_strm_9.ymap
gta-v-sign-0155,prop_sign_road_01a,standard_stop,los_santos_blaine_county,True,-995.3754,-1125.5669,1.127563,0.0,0.0,-0.25509295,0.96691656,update\x64\dlcpacks\patchday27ng\dlc.rpf\x64\levels\gta5\_cityw\venice_01\venice_metadata.rpf\vb_rd_strm_4.ymap
gta-v-sign-0156,prop_sign_road_01a,standard_stop,los_santos_blaine_county,True,-985.4468,-360.46725,36.82515,0.0,0.0,-0.25680906,0.9664622,update\x64\dlcpacks\patchday27ng\dlc.rpf\x64\levels\gta5\_cityw\beverly_01\beverly_metadata.rpf\bh1_rd_strm_4.ymap
gta-v-sign-0157,prop_sign_road_01a,standard_stop,los_santos_blaine_county,True,-984.5992,181.43181,63.667835,0.0,0.0,-0.5480631,0.83643705,update\x64\dlcpacks\patchday27ng\dlc.rpf\x64\levels\gta5\_cityw\beverly_01\beverly_metadata.rpf\bh1_45_strm_0.ymap
gta-v-sign-0158,prop_sign_road_01a,standard_stop,los_santos_blaine_county,True,-982.9579,86.42328,50.72019,0.0,0.0,0.8270728,-0.56209487,update\x64\dlcpacks\patchday27ng\dlc.rpf\x64\levels\gta5\_cityw\beverly_01\beverly_metadata.rpf\bh1_rd_strm_3.ymap
gta-v-sign-0159,prop_sign_road_01a,standard_stop,los_santos_blaine_county,True,-975.9605,241.41393,67.24866,0.0,0.0,0.4895451,0.871978,update\x64\dlcpacks\patchday27ng\dlc.rpf\x64\levels\gta5\_cityw\beverly_01\beverly_metadata.rpf\bh1_45_strm_0.ymap
gta-v-sign-0160,prop_sign_road_01a,standard_stop,los_santos_blaine_county,True,-975.3502,355.555,71.465256,0.0,0.0,0.29621303,0.9551219,update\x64\dlcpacks\patchday27ng\dlc.rpf\x64\levels\gta5\_cityw\beverly_01\beverly_metadata.rpf\bh1_rd_strm_3.ymap
gta-v-sign-0161,prop_sign_road_01a,standard_stop,los_santos_blaine_county,True,-967.54663,-1199.9359,3.777008,0.0,0.0,0.96390015,0.26626402,update\x64\dlcpacks\patchday27ng\dlc.rpf\x64\levels\gta5\_cityw\venice_01\venice_metadata.rpf\vb_rd_strm_4.ymap
gta-v-sign-0162,prop_sign_road_01a,standard_stop,los_santos_blaine_county,True,-963.10925,-2811.7463,12.970689,0.0,0.0,0.25881898,0.9659258,update\x64\dlcpacks\mpheist\dlc.rpf\x64\levels\gta5\_cityw\airport_01\airport_metadata.rpf\hei_ap1_01_a_strm_9.ymap
gta-v-sign-0163,prop_sign_road_01a,standard_stop,los_santos_blaine_county,True,-955.96606,-2139.488,7.930523,0.0019269993,0.005276998,0.93932563,-0.3429809,update\x64\dlcpacks\mpheist\dlc.rpf\x64\levels\gta5\_cityw\airport_01\airport_metadata.rpf\hei_ap1_04_strm_4.ymap
gta-v-sign-0164,prop_sign_road_01a,standard_stop,los_santos_blaine_county,True,-944.7496,76.474915,50.567604,0.0,0.0,-0.30482516,0.9524083,update\x64\dlcpacks\patchday27ng\dlc.rpf\x64\levels\gta5\_cityw\beverly_01\beverly_metadata.rpf\bh1_rd_strm_3.ymap
gta-v-sign-0165,prop_sign_road_01a,standard_stop,los_santos_blaine_county,True,-935.232,-208.2993,36.930748,-0.00072500034,0.015987007,0.20284308,0.9790805,update\x64\dlcpacks\patchday27ng\dlc.rpf\x64\levels\gta5\_cityw\beverly_01\beverly_metadata.rpf\bh1_rd_strm_4.ymap
gta-v-sign-0166,prop_sign_road_01a,standard_stop,los_santos_blaine_county,True,-928.33545,268.18402,69.40146,0.0,0.0,0.98521966,-0.17129596,update\x64\dlcpacks\patchday27ng\dlc.rpf\x64\levels\gta5\_cityw\beverly_01\beverly_metadata.rpf\bh1_rd_strm_3.ymap
gta-v-sign-0167,prop_sign_road_01a,standard_stop,los_santos_blaine_county,True,-921.533,-1276.0328,4.222042,0.0,0.0,0.8660254,-0.50000024,update\x64\dlcpacks\patchday27ng\dlc.rpf\x64\levels\gta5\_cityw\venice_01\venice_metadata.rpf\vb_39_strm_0.ymap
gta-v-sign-0168,prop_sign_road_01a,standard_stop,los_santos_blaine_county,True,-921.2901,306.20798,70.15438,0.0,0.0,0.7144636,-0.6996726,update\x64\dlcpacks\patchday27ng\dlc.rpf\x64\levels\gta5\_cityw\beverly_01\beverly_metadata.rpf\bh1_rd_strm_3.ymap
gta-v-sign-0169,prop_sign_road_01a,standard_stop,los_santos_blaine_county,True,-908.2449,-2115.3452,7.946636,-0.005114998,-0.0023229993,-0.41349384,0.9104896,update\x64\dlcpacks\mpheist\dlc.rpf\x64\levels\gta5\_cityw\airport_01\airport_metadata.rpf\hei_ap1_04_strm_4.ymap
gta-v-sign-0170,prop_sign_road_01a,standard_stop,los_santos_blaine_county,True,-889.8352,-301.30566,38.650604,0.0,0.0,0.5190082,0.8547693,update\x64\dlcpacks\patchday27ng\dlc.rpf\x64\levels\gta5\_cityw\beverly_01\beverly_metadata.rpf\bh1_rd_strm_4.ymap
gta-v-sign-0171,prop_sign_road_01a,standard_stop,los_santos_blaine_county,True,-882.425,-2438.8154,12.745401,0.0,0.0,0.23061104,0.97304606,update\x64\dlcpacks\mpheist\dlc.rpf\x64\levels\gta5\_cityw\airport_01\airport_metadata.rpf\hei_ap1_01_a_strm_11.ymap
gta-v-sign-0172,prop_sign_road_01a,standard_stop,los_santos_blaine_county,True,-881.64624,-627.1847,27.208206,0.0,0.0,0.9762959,-0.21643998,update\update.rpf\dlc_patch\mpheist\x64\levels\gta5\_cityw\koreatown_01\koreatown_metadata.rpf\hei_kt1_rd_strm_0.ymap
gta-v-sign-0173,prop_sign_road_01a,standard_stop,los_santos_blaine_county,True,-873.2742,429.55838,86.279465,0.0,0.0,0.69045323,0.7233771,update\x64\dlcpacks\patchday27ng\dlc.rpf\x64\levels\gta5\_cityw\beverly_01\beverly_metadata.rpf\bh1_rd_strm_3.ymap
gta-v-sign-0174,prop_sign_road_01a,standard_stop,los_santos_blaine_county,True,-872.9329,-172.68053,36.904358,0.0047819987,0.015271995,0.5252578,0.85079265,update\x64\dlcpacks\patchday27ng\dlc.rpf\x64\levels\gta5\_cityw\beverly_01\beverly_metadata.rpf\bh1_rd_strm_4.ymap
gta-v-sign-0175,prop_sign_road_01a,standard_stop,los_santos_blaine_county,True,-871.7067,72.20241,50.962727,0.0,0.0,0.7250984,0.68864536,update\x64\dlcpacks\patchday27ng\dlc.rpf\x64\levels\gta5\_cityw\beverly_01\beverly_metadata.rpf\bh1_rd_strm_3.ymap
gta-v-sign-0176,prop_sign_road_01a,standard_stop,los_santos_blaine_county,True,-871.48627,398.76132,86.04578,0.0,0.0,0.7916252,0.6110071,update\x64\dlcpacks\patchday27ng\dlc.rpf\x64\levels\gta5\_cityw\beverly_01\beverly_metadata.rpf\bh1_rd_strm_3.ymap
gta-v-sign-0177,prop_sign_road_01a,standard_stop,los_santos_blaine_county,True,-869.5834,-911.29926,14.789551,0.0,0.0,-0.57357574,0.8191526,update\update.rpf\dlc_patch\mpheist\x64\levels\gta5\_cityw\koreatown_01\koreatown_metadata.rpf\hei_kt1_rd_strm_0.ymap
gta-v-sign-0178,prop_sign_road_01a,standard_stop,los_santos_blaine_county,True,-868.57904,91.50192,51.25447,0.0,0.0,0.9999949,0.0032139996,update\x64\dlcpacks\patchday27ng\dlc.rpf\x64\levels\gta5\_cityw\beverly_01\beverly_metadata.rpf\bh1_rd_strm_3.ymap
gta-v-sign-0179,prop_sign_road_01a,standard_stop,los_santos_blaine_county,True,-865.1221,-2067.1753,7.996685,-0.005114998,-0.0023229993,-0.41349384,0.9104896,update\x64\dlcpacks\mpheist\dlc.rpf\x64\levels\gta5\_cityw\airport_01\airport_metadata.rpf\hei_ap1_04_strm_5.ymap
gta-v-sign-0180,prop_sign_road_01a,standard_stop,los_santos_blaine_county,True,-864.28705,-2.824615,42.42633,0.0,0.0,0.073232986,0.9973149,update\x64\dlcpacks\patchday27ng\dlc.rpf\x64\levels\gta5\_cityw\beverly_01\beverly_metadata.rpf\bh1_rd_strm_3.ymap
gta-v-sign-0181,prop_sign_road_01a,standard_stop,los_santos_blaine_county,True,-851.4245,-2456.689,12.741807,0.0,0.0,0.23061104,0.97304606,update\x64\dlcpacks\mpheist\dlc.rpf\x64\levels\gta5\_cityw\airport_01\airport_metadata.rpf\hei_ap1_01_a_strm_11.ymap
gta-v-sign-0182,prop_sign_road_01a,standard_stop,los_santos_blaine_county,True,-850.93854,68.46042,50.913326,0.0,0.0,-0.12817998,0.9917509,update\x64\dlcpacks\patchday27ng\dlc.rpf\x64\levels\gta5\_cityw\beverly_01\beverly_metadata.rpf\bh1_rd_strm_3.ymap
gta-v-sign-0183,prop_sign_road_01a,standard_stop,los_santos_blaine_county,True,-850.3183,428.43564,86.13239,0.0,0.0,-0.09017797,0.99592566,update\x64\dlcpacks\patchday27ng\dlc.rpf\x64\levels\gta5\_cityw\beverly_01\beverly_metadata.rpf\bh1_rd_strm_3.ymap
gta-v-sign-0184,prop_sign_road_01a,standard_stop,los_santos_blaine_county,True,-847.75385,89.82793,50.94399,0.0,0.0,0.7616651,-0.64797103,update\x64\dlcpacks\patchday27ng\dlc.rpf\x64\levels\gta5\_cityw\beverly_01\beverly_metadata.rpf\bh1_rd_strm_3.ymap
gta-v-sign-0185,prop_sign_road_01a,standard_stop,los_santos_blaine_county,True,-847.66724,-144.15497,36.82827,0.015320995,-0.004623999,0.85618484,-0.51642185,update\x64\dlcpacks\patchday27ng\dlc.rpf\x64\levels\gta5\_cityw\beverly_01\beverly_metadata.rpf\bh1_rd_strm_4.ymap
gta-v-sign-0186,prop_sign_road_01a,standard_stop,los_santos_blaine_county,True,-846.9367,13.414001,42.368835,0.0,0.0,0.9917509,0.12817998,update\x64\dlcpacks\patchday27ng\dlc.rpf\x64\levels\gta5\_cityw\beverly_01\beverly_metadata.rpf\bh1_rd_strm_3.ymap
gta-v-sign-0187,prop_sign_road_01a,standard_stop,los_santos_blaine_county,True,-845.5077,-635.8036,27.383942,0.0,0.0,-0.41684893,0.9089758,update\update.rpf\dlc_patch\mpheist\x64\levels\gta5\_cityw\koreatown_01\koreatown_metadata.rpf\hei_kt1_rd_strm_0.ymap
gta-v-sign-0188,prop_sign_road_01a,standard_stop,los_santos_blaine_county,True,-840.6523,-1.446167,41.527054,0.0,0.0,0.61063695,0.7919107,update\x64\dlcpacks\patchday27ng\dlc.rpf\x64\levels\gta5\_cityw\beverly_01\beverly_metadata.rpf\bh1_rd_strm_3.ymap
gta-v-sign-0189,prop_sign_road_01a,standard_stop,los_santos_blaine_county,True,-826.68097,21.007477,42.255356,0.0,0.0,0.7919108,-0.61063683,update\x64\dlcpacks\patchday27ng\dlc.rpf\x64\levels\gta5\_cityw\beverly_01\beverly_metadata.rpf\bh1_rd_strm_3.ymap
gta-v-sign-0190,prop_sign_road_01a,standard_stop,los_santos_blaine_county,True,-820.6142,8.451172,41.638794,0.0,0.0,-0.12817998,0.9917509,update\x64\dlcpacks\patchday27ng\dlc.rpf\x64\levels\gta5\_cityw\beverly_01\beverly_metadata.rpf\bh1_rd_strm_3.ymap
gta-v-sign-0191,prop_sign_road_01a,standard_stop,los_santos_blaine_county,True,-811.5754,-999.8102,12.319458,0.0044960002,0.012416001,0.8869691,-0.46164003,update\update.rpf\dlc_patch\mpheist\x64\levels\gta5\_cityw\koreatown_01\koreatown_metadata.rpf\hei_kt1_rd_strm_0.ymap
gta-v-sign-0192,prop_sign_road_01a,standard_stop,los_santos_blaine_county,True,-792.3137,273.86615,84.97483,0.0,0.0,-0.044697974,0.99900055,update\x64\dlcpacks\patchday27ng\dlc.rpf\x64\levels\gta5\_cityw\beverly_01\beverly_metadata.rpf\bh1_rd_strm_3.ymap
gta-v-sign-0193,prop_sign_road_01a,standard_stop,los_santos_blaine_county,True,-785.308,-255.10654,36.240128,0.0,0.0,0.8450237,-0.5347288,update\x64\dlcpacks\patchday27ng\dlc.rpf\x64\levels\gta5\_cityw\beverly_01\beverly_metadata.rpf\bh1_rd_strm_4.ymap
gta-v-sign-0194,prop_sign_road_01a,standard_stop,los_santos_blaine_county,True,-771.4117,89.42117,54.14447,0.0,0.0,0.026445013,0.99965024,update\x64\dlcpacks\patchday27ng\dlc.rpf\x64\levels\gta5\_cityw\beverly_01\beverly_metadata.rpf\bh1_rd_strm_3.ymap
gta-v-sign-0195,prop_sign_road_01a,standard_stop,los_santos_blaine_county,True,-762.0384,-2524.3164,12.933931,0.0,0.0,-0.49690697,0.8678038,update\x64\dlcpacks\mpheist\dlc.rpf\x64\levels\gta5\_cityw\airport_01\airport_metadata.rpf\hei_ap1_01_a_strm_15.ymap
gta-v-sign-0196,prop_sign_road_01a,standard_stop,los_santos_blaine_county,True,-760.3896,122.043915,56.36345,0.0,0.0,0.7278288,0.6857588,update\x64\dlcpacks\patchday27ng\dlc.rpf\x64\levels\gta5\_cityw\beverly_01\beverly_metadata.rpf\bh1_rd_strm_3.ymap
gta-v-sign-0197,prop_sign_road_01a,standard_stop,los_santos_blaine_county,True,-758.8837,95.387955,54.706573,0.0,0.0,0.6022344,0.79831934,update\x64\dlcpacks\patchday27ng\dlc.rpf\x64\levels\gta5\_cityw\beverly_01\beverly_metadata.rpf\bh1_rd_strm_3.ymap
gta-v-sign-0198,prop_sign_road_01a,standard_stop,los_santos_blaine_county,True,-743.5707,2314.176,71.25333,0.0,0.0,-0.2588199,0.9659256,update\x64\dlcpacks\mplowrider\dlc.rpf\x64\levels\gta5\_hills\country_06\country_06_metadata.rpf\lr_cs6_roads_strm_0.ymap
gta-v-sign-0199,prop_sign_road_01a,standard_stop,los_santos_blaine_county,True,-733.01294,-2388.0242,13.754142,0.0,0.0,0.906452,0.42230898,update\x64\dlcpacks\mpheist\dlc.rpf\x64\levels\gta5\_cityw\airport_01\airport_metadata.rpf\hei_ap1_04_strm_6.ymap
gta-v-sign-0200,prop_sign_road_01a,standard_stop,los_santos_blaine_county,True,-719.7626,-2451.623,12.930387,0.0,0.0,-0.49690697,0.8678038,update\x64\dlcpacks\mpheist\dlc.rpf\x64\levels\gta5\_cityw\airport_01\airport_metadata.rpf\hei_ap1_01_a_strm_12.ymap
gta-v-sign-0201,prop_sign_road_01a,standard_stop,los_santos_blaine_county,True,-700.0137,-1247.7798,9.590958,0.0,0.0,0.5941019,0.8043898,update\update.rpf\dlc_patch\mpheist\x64\levels\gta5\_cityw\koreatown_01\koreatown_metadata.rpf\hei_kt1_rd_strm_3.ymap
gta-v-sign-0202,prop_sign_road_01a,standard_stop,los_santos_blaine_county,True,-689.9013,-1606.3341,21.023083,0.0,0.0,-0.028885994,0.9995827,update\x64\dlcpacks\patchday2ng\dlc.rpf\x64\levels\gta5\_cityw\sanpedro_01\sanpedro_metadata.rpf\sp1_rd_strm_1.ymap
gta-v-sign-0203,prop_sign_road_01a,standard_stop,los_santos_blaine_county,True,-678.38086,-55.5782,37.26767,0.0,0.0,0.85333616,-0.52136105,update\x64\dlcpacks\patchday27ng\dlc.rpf\x64\levels\gta5\_cityw\beverly_01\beverly_metadata.rpf\bh1_rd_strm_3.ymap
gta-v-sign-0204,prop_sign_road_01a,standard_stop,los_santos_blaine_county,True,-675.11926,-80.009,36.855698,0.0,0.0,-0.12321106,0.9923805,update\x64\dlcpacks\patchday27ng\dlc.rpf\x64\levels\gta5\_cityw\beverly_01\beverly_metadata.rpf\bh1_rd_strm_3.ymap
gta-v-sign-0205,prop_sign_road_01a,standard_stop,los_santos_blaine_county,True,-671.1679,-1676.4827,24.225163,0.075134024,-0.08897802,0.19610906,0.9736422,update\x64\dlcpacks\patchday2ng\dlc.rpf\x64\levels\gta5\_cityw\sanpedro_01\sanpedro_metadata.rpf\sp1_rd_strm_1.ymap
gta-v-sign-0206,prop_sign_road_01a,standard_stop,los_santos_blaine_county,True,-661.3381,-1644.41,24.091862,-0.081017,0.010372,0.970574,-0.226528,update\x64\dlcpacks\patchday2ng\dlc.rpf\x64\levels\gta5\_cityw\sanpedro_01\sanpedro_metadata.rpf\sp1_rd_strm_1.ymap
gta-v-sign-0207,prop_sign_road_01a,standard_stop,los_santos_blaine_county,True,-655.1386,142.14568,55.888683,0.0,0.0,1.0,0.0,update\x64\dlcpacks\patchday27ng\dlc.rpf\x64\levels\gta5\_citye\sunset\sunset_metadata.rpf\ss1_rd1_strm_0.ymap
gta-v-sign-0208,prop_sign_road_01a,standard_stop,los_santos_blaine_county,True,-641.7463,119.14358,56.10653,0.0,0.0,0.0,1.0,update\x64\dlcpacks\patchday27ng\dlc.rpf\x64\levels\gta5\_citye\sunset\sunset_metadata.rpf\ss1_rd1_strm_0.ymap
gta-v-sign-0209,prop_sign_road_01a,standard_stop,los_santos_blaine_county,True,-632.7137,-195.0145,36.709335,0.0,0.0,0.5181192,0.8553084,update\x64\dlcpacks\patchday27ng\dlc.rpf\x64\levels\gta5\_cityw\beverly_01\beverly_metadata.rpf\bh1_rd_strm_5.ymap
gta-v-sign-0210,prop_sign_road_01a,standard_stop,los_santos_blaine_county,True,-624.4575,-2263.459,4.948145,0.0,0.0,0.9063079,0.42261797,update\x64\dlcpacks\mpheist\dlc.rpf\x64\levels\gta5\_cityw\airport_01\airport_metadata.rpf\hei_ap1_04_strm_6.ymap
gta-v-sign-0211,prop_sign_road_01a,standard_stop,los_santos_blaine_county,True,-620.0329,-802.6622,24.531387,0.0,0.0,-0.29080206,0.95678324,update\update.rpf\dlc_patch\mpheist\x64\levels\gta5\_cityw\koreatown_01\koreatown_metadata.rpf\hei_kt1_rd_strm_1.ymap
gta-v-sign-0212,prop_sign_road_01a,standard_stop,los_santos_blaine_county,True,-604.4427,-857.709,24.506516,0.0,0.0,0.45588014,0.8900412,update\update.rpf\dlc_patch\mpheist\x64\levels\gta5\_cityw\koreatown_01\koreatown_metadata.rpf\hei_kt1_rd_strm_1.ymap
gta-v-sign-0213,prop_sign_road_01a,standard_stop,los_santos_blaine_county,True,-598.0155,-163.21933,37.08374,0.0,0.0,0.8553084,-0.5181192,update\x64\dlcpacks\patchday27ng\dlc.rpf\x64\levels\gta5\_cityw\beverly_01\beverly_metadata.rpf\bh1_rd_strm_5.ymap
gta-v-sign-0214,prop_sign_road_01a,standard_stop,los_santos_blaine_county,True,-559.10754,5390.945,66.93484,0.0,0.0,0.969915,-0.243444,update\x64\dlcpacks\patchday2ng\dlc.rpf\x64\levels\gta5\_hills\country_01\country_01_metadata.rpf\cs1_15b_strm_1.ymap
gta-v-sign-0215,prop_sign_road_01a,standard_stop,los_santos_blaine_county,True,-554.9117,144.57307,61.990463,0.0,0.0,1.0,0.0,update\x64\dlcpacks\patchday27ng\dlc.rpf\x64\levels\gta5\_citye\sunset\sunset_metadata.rpf\ss1_rd1_strm_0.ymap
gta-v-sign-0216,prop_sign_road_01a,standard_stop,los_santos_blaine_county,True,-540.5736,-350.50568,34.202255,0.0,0.0,0.9879725,-0.15463008,update\x64\dlcpacks\patchday27ng\dlc.rpf\x64\levels\gta5\_cityw\beverly_01\beverly_metadata.rpf\bh1_rd_strm_5.ymap
gta-v-sign-0217,prop_sign_road_01a,standard_stop,los_santos_blaine_county,True,-536.7439,-1182.564,17.785858,0.0,0.0,0.53729963,0.8433914,update\update.rpf\dlc_patch\mpheist\x64\levels\gta5\_cityw\koreatown_01\koreatown_metadata.rpf\hei_kt1_rd_strm_3.ymap
gta-v-sign-0218,prop_sign_road_01a,standard_stop,los_santos_blaine_county,True,-536.0393,111.90897,62.037518,0.0,0.0,0.0,1.0,update\x64\dlcpacks\patchday27ng\dlc.rpf\x64\levels\gta5\_citye\sunset\sunset_metadata.rpf\ss1_rd1_strm_0.ymap
gta-v-sign-0219,prop_sign_road_01a,standard_stop,los_santos_blaine_county,True,-523.38403,1997.3206,204.83827,0.0,0.0,1.0,0.0,update\x64\dlcpacks\mplowrider\dlc.rpf\x64\levels\gta5\_hills\country_06\country_06_metadata.rpf\lr_cs6_roads_strm_0.ymap
gta-v-sign-0220,prop_sign_road_01a,standard_stop,los_santos_blaine_county,True,-519.4124,-12.577639,43.57791,0.0,0.0,0.58231634,0.81296235,update\x64\dlcpacks\patchday27ng\dlc.rpf\x64\levels\gta5\_citye\sunset\sunset_metadata.rpf\ss1_rd1_strm_0.ymap
gta-v-sign-0221,prop_sign_road_01a,standard_stop,los_santos_blaine_county,True,-518.9165,-1122.1913,20.399048,0.0,0.0,-0.17364103,0.98480904,update\update.rpf\dlc_patch\mpheist\x64\levels\gta5\_cityw\koreatown_01\koreatown_metadata.rpf\hei_kt1_rd_strm_3.ymap
gta-v-sign-0222,prop_sign_road_01a,standard_stop,los_santos_blaine_county,True,-501.75787,-2150.0073,8.16798,0.0,0.0,0.36288202,0.9318351,update\x64\dlcpacks\patchday2ng\dlc.rpf\x64\levels\gta5\_cityw\sanpedro_01\sanpedro_metadata.rpf\sp1_rd_strm_2.ymap
gta-v-sign-0223,prop_sign_road_01a,standard_stop,los_santos_blaine_county,True,-499.18707,-1795.1448,20.759193,-0.00846,0.0027949999,0.23012699,0.9731198,update\x64\dlcpacks\patchday2ng\dlc.rpf\x64\levels\gta5\_cityw\sanpedro_01\sanpedro_metadata.rpf\sp1_rd_strm_1.ymap
gta-v-sign-0224,prop_sign_road_01a,standard_stop,los_santos_blaine_county,True,-480.48608,-1116.2928,25.620712,0.0,0.0,0.53729963,0.8433914,update\update.rpf\dlc_patch\mpheist\x64\levels\gta5\_cityw\koreatown_01\koreatown_metadata.rpf\hei_kt1_rd_strm_3.ymap
gta-v-sign-0225,prop_sign_road_01a,standard_stop,los_santos_blaine_county,True,-479.45184,2800.9136,37.799454,0.0,0.0,0.9914449,-0.13052599,update\x64\dlcpacks\mplowrider\dlc.rpf\x64\levels\gta5\_hills\country_06\country_06_metadata.rpf\lr_cs6_roads_strm_0.ymap
gta-v-sign-0226,prop_sign_road_01a,standard_stop,los_santos_blaine_county,True,-475.2893,2834.8342,33.394566,0.0,0.0,-0.08715597,0.9961947,update\x64\dlcpacks\mplowrider\dlc.rpf\x64\levels\gta5\_hills\country_06\country_06_metadata.rpf\lr_cs6_roads_strm_0.ymap
gta-v-sign-0227,prop_sign_road_01a,standard_stop,los_santos_blaine_county,True,-468.53204,392.41766,101.45227,0.0,0.043619014,0.0,0.99904823,update\update.rpf\dlc_patch\mpapartment\x64\levels\gta5\_hills\cityhills_02\cityhills_02_metadata.rpf\apa_ch2_07c_strm_0.ymap
gta-v-sign-0228,prop_sign_road_01a,standard_stop,los_santos_blaine_county,True,-451.54248,6066.73,29.978844,-0.0011360006,-0.019035008,0.6697462,0.7423452,update\x64\dlcpacks\patchday2ng\dlc.rpf\x64\levels\gta5\_hills\country_01\country_01_metadata.rpf\cs1_roads_pb_strm_2.ymap
gta-v-sign-0229,prop_sign_road_01a,standard_stop,los_santos_blaine_county,True,-431.02277,-670.35004,29.806,0.0,0.0,0.7071068,-0.70710677,update\update.rpf\dlc_patch\mpheist\x64\levels\gta5\_cityw\koreatown_01\koreatown_metadata.rpf\hei_kt1_rd_strm_2.ymap
gta-v-sign-0230,prop_sign_road_01a,standard_stop,los_santos_blaine_county,True,-416.6584,6004.6636,30.438438,0.033166,-0.013611999,0.999332,0.0070939995,update\x64\dlcpacks\patchday2ng\dlc.rpf\x64\levels\gta5\_hills\country_01\country_01_metadata.rpf\cs1_roads_pb_strm_2.ymap
gta-v-sign-0231,prop_sign_road_01a,standard_stop,los_santos_blaine_county,True,-406.99915,6118.019,30.35131,0.01133,-0.033695,-0.349277,0.936345,update\x64\dlcpacks\patchday2ng\dlc.rpf\x64\levels\gta5\_hills\country_01\country_01_metadata.rpf\cs1_roads_pb_strm_2.ymap
gta-v-sign-0232,prop_sign_road_01a,standard_stop,los_santos_blaine_county,True,-393.95255,6167.568,30.126892,0.024977006,0.031716004,0.92009014,0.38962105,update\x64\dlcpacks\patchday2ng\dlc.rpf\x64\levels\gta5\_hills\country_01\country_01_metadata.rpf\cs1_roads_pb_strm_2.ymap
gta-v-sign-0233,prop_sign_road_01a,standard_stop,los_santos_blaine_county,True,-386.1911,2856.5688,39.729343,0.0,0.0,0.4226179,0.90630794,update\x64\dlcpacks\mplowrider\dlc.rpf\x64\levels\gta5\_hills\country_06\country_06_metadata.rpf\lr_cs6_roads_strm_0.ymap
gta-v-sign-0234,prop_sign_road_01a,standard_stop,los_santos_blaine_county,True,-385.75293,111.90897,64.691574,0.0,0.0,0.0,1.0,update\x64\dlcpacks\patchday27ng\dlc.rpf\x64\levels\gta5\_citye\sunset\sunset_metadata.rpf\ss1_rd1_strm_0.ymap
gta-v-sign-0235,prop_sign_road_01a,standard_stop,los_santos_blaine_county,True,-383.61493,-2759.5825,4.999992,0.0,0.0,0.92406887,-0.3822259,update\update.rpf\dlc_patch\mpheist\x64\levels\gta5\_citye\port_01\port_metadata.rpf\hei_po1_01_strm_4.ymap
gta-v-sign-0236,prop_sign_road_01a,standard_stop,los_santos_blaine_county,True,-353.81482,6298.3457,28.644318,-0.014262004,-0.012656004,-0.051337015,0.99849933,update\x64\dlcpacks\patchday2ng\dlc.rpf\x64\levels\gta5\_hills\country_01\country_01_metadata.rpf\cs1_roads_pb_strm_0.ymap
gta-v-sign-0237,prop_sign_road_01a,standard_stop,los_santos_blaine_county,True,-332.13953,-374.70233,29.142899,0.0,0.0,0.96309865,-0.26914895,update\x64\dlcpacks\patchday27ng\dlc.rpf\x64\levels\gta5\_citye\sunset\sunset_metadata.rpf\ss1_rd1_strm_2.ymap
gta-v-sign-0238,prop_sign_road_01a,standard_stop,los_santos_blaine_county,True,-290.18066,-353.65445,28.887955,0.0,0.0,0.46807802,0.88368714,update\x64\dlcpacks\patchday27ng\dlc.rpf\x64\levels\gta5\_citye\sunset\sunset_metadata.rpf\ss1_rd1_strm_2.ymap
gta-v-sign-0239,prop_sign_road_01a,standard_stop,los_santos_blaine_county,True,-278.88464,-2168.0732,9.273315,0.0,0.0,0.8956528,-0.4447539,update\x64\dlcpacks\patchday2ng\dlc.rpf\x64\levels\gta5\_cityw\sanpedro_01\sanpedro_metadata.rpf\sp1_rd_strm_2.ymap
gta-v-sign-0240,prop_sign_road_01a,standard_stop,los_santos_blaine_county,True,-277.03278,-330.93417,29.142899,0.0,0.0,-0.56477094,0.82524776,update\x64\dlcpacks\patchday27ng\dlc.rpf\x64\levels\gta5\_citye\sunset\sunset_metadata.rpf\ss1_rd1_strm_2.ymap
gta-v-sign-0241,prop_sign_road_01a,standard_stop,los_santos_blaine_county,True,-275.77502,-318.2824,29.142899,0.0,0.0,-0.49069712,0.8713302,update\x64\dlcpacks\patchday27ng\dlc.rpf\x64\levels\gta5\_citye\sunset\sunset_metadata.rpf\ss1_rd1_strm_2.ymap
gta-v-sign-0242,prop_sign_road_01a,standard_stop,los_santos_blaine_county,True,-274.87817,6212.8047,30.512505,0.02748999,0.0035029985,0.92644167,-0.37541685,update\x64\dlcpacks\patchday2ng\dlc.rpf\x64\levels\gta5\_hills\country_01\country_01_metadata.rpf\cs1_roads_pb_strm_0.ymap
gta-v-sign-0243,prop_sign_road_01a,standard_stop,los_santos_blaine_county,True,-264.61023,-354.66315,29.226746,0.0,0.0,0.050759993,0.9987109,update\x64\dlcpacks\patchday27ng\dlc.rpf\x64\levels\gta5\_citye\sunset\sunset_metadata.rpf\ss1_rd1_strm_2.ymap
gta-v-sign-0244,prop_sign_road_01a,standard_stop,los_santos_blaine_county,True,-262.27167,6177.1953,30.37101,-0.045085005,-0.031318005,0.37360004,0.9259641,update\x64\dlcpacks\patchday2ng\dlc.rpf\x64\levels\gta5\_hills\country_01\country_01_metadata.rpf\cs1_roads_pb_strm_2.ymap
gta-v-sign-0245,prop_sign_road_01a,standard_stop,los_santos_blaine_county,True,-245.09479,6183.3164,30.43769,0.007273,0.011692,0.926821,-0.37525097,update\x64\dlcpacks\patchday2ng\dlc.rpf\x64\levels\gta5\_hills\country_01\country_01_metadata.rpf\cs1_roads_pb_strm_2.ymap
gta-v-sign-0246,prop_sign_road_01a,standard_stop,los_santos_blaine_county,True,-241.93146,6154.0405,30.296638,0.0134109985,0.0031239996,0.9207039,0.3900189,update\x64\dlcpacks\patchday2ng\dlc.rpf\x64\levels\gta5\_hills\country_01\country_01_metadata.rpf\cs1_roads_pb_strm_2.ymap
gta-v-sign-0247,prop_sign_road_01a,standard_stop,los_santos_blaine_county,True,-210.79202,1485.3407,288.05502,0.0,0.0,0.728371,0.685183,update\update.rpf\dlc_patch\mpapartment\x64\levels\gta5\_hills\cityhills_02\cityhills_02_metadata.rpf\apa_ch2_02_strm_13.ymap
gta-v-sign-0248,prop_sign_road_01a,standard_stop,los_santos_blaine_county,True,-201.23389,-2611.25,5.001694,0.0,0.0,0.99952567,-0.030796988,update\update.rpf\dlc_patch\mpheist\x64\levels\gta5\_citye\port_01\port_metadata.rpf\hei_po1_02_strm_0.ymap
gta-v-sign-0249,prop_sign_road_01a,standard_stop,los_santos_blaine_county,True,-195.3677,6199.1455,30.307938,0.027098008,0.022864008,0.9987904,0.03407001,update\x64\dlcpacks\patchday2ng\dlc.rpf\x64\levels\gta5\_hills\country_01\country_01_metadata.rpf\cs1_roads_pb_strm_1.ymap
gta-v-sign-0250,prop_sign_road_01a,standard_stop,los_santos_blaine_county,True,-166.2716,1876.7815,197.12592,0.0,0.0,0.5000003,0.86602527,update\x64\dlcpacks\mplowrider\dlc.rpf\x64\levels\gta5\_hills\country_06\country_06_metadata.rpf\lr_cs6_roads_strm_0.ymap
gta-v-sign-0251,prop_sign_road_01a,standard_stop,los_santos_blaine_county,True,-158.85391,6352.388,30.500687,0.0031250017,-0.013411009,-0.39002022,0.92070335,update\x64\dlcpacks\patchday2ng\dlc.rpf\x64\levels\gta5\_hills\country_01\country_01_metadata.rpf\cs1_roads_pb_strm_1.ymap
gta-v-sign-0252,prop_sign_road_01a,standard_stop,los_santos_blaine_county,True,-157.0302,6199.5312,30.334656,-0.016960997,-0.021915995,-0.38963392,0.9205528,update\x64\dlcpacks\patchday2ng\dlc.rpf\x64\levels\gta5\_hills\country_01\country_01_metadata.rpf\cs1_roads_pb_strm_1.ymap
gta-v-sign-0253,prop_sign_road_01a,standard_stop,los_santos_blaine_county,True,-152.35916,-1939.9376,23.259712,0.0,0.0,0.37400705,0.92742586,update\x64\dlcpacks\patchday2ng\dlc.rpf\x64\levels\gta5\_cityw\sanpedro_01\sanpedro_metadata.rpf\sp1_rd_strm_2.ymap
gta-v-sign-0254,prop_sign_road_01a,standard_stop,los_santos_blaine_county,True,-149.43607,6374.1875,30.448334,-0.03088499,0.066882975,-0.38918588,0.91820866,update\x64\dlcpacks\patchday2ng\dlc.rpf\x64\levels\gta5\_hills\country_01\country_01_metadata.rpf\cs1_roads_pb_strm_1.ymap
gta-v-sign-0255,prop_sign_road_01a,standard_stop,los_santos_blaine_county,True,-144.33963,6311.765,30.575119,0.00071099994,-0.03438001,0.37543115,0.9262122,update\x64\dlcpacks\patchday2ng\dlc.rpf\x64\levels\gta5\_hills\country_01\country_01_metadata.rpf\cs1_roads_pb_strm_1.ymap
gta-v-sign-0256,prop_sign_road_01a,standard_stop,los_santos_blaine_county,True,-143.87563,1039.1665,229.16818,0.0,0.0,0.15468092,0.98796445,update\update.rpf\dlc_patch\mpapartment\x64\levels\gta5\_hills\cityhills_02\cityhills_02_metadata.rpf\apa_ch2_06_strm_2.ymap
gta-v-sign-0257,prop_sign_road_01a,standard_stop,los_santos_blaine_county,True,-135.18163,6433.033,30.371246,0.052142028,0.02239401,0.88196343,0.46788922,update\x64\dlcpacks\patchday2ng\dlc.rpf\x64\levels\gta5\_hills\country_01\country_01_metadata.rpf\cs1_roads_pb_strm_3.ymap
gta-v-sign-0258,prop_sign_road_01a,standard_stop,los_santos_blaine_county,True,-131.77094,98.20272,69.988174,0.0,0.0,0.9659259,-0.25881898,update\x64\dlcpacks\patchday27ng\dlc.rpf\x64\levels\gta5\_citye\sunset\sunset_metadata.rpf\ss1_rd1_strm_1.ymap
gta-v-sign-0259,prop_sign_road_01a,standard_stop,los_santos_blaine_county,True,-112.8288,6284.0146,30.237839,0.0134109985,0.0031239996,0.9207039,0.3900189,update\x64\dlcpacks\patchday2ng\dlc.rpf\x64\levels\gta5\_hills\country_01\country_01_metadata.rpf\cs1_roads_pb_strm_1.ymap
gta-v-sign-0260,prop_sign_road_01a,standard_stop,los_santos_blaine_county,True,-102.48265,6446.1445,30.429268,0.0045899996,0.010305999,0.927653,0.37327296,update\x64\dlcpacks\patchday2ng\dlc.rpf\x64\levels\gta5\_hills\country_01\country_01_metadata.rpf\cs1_roads_pb_strm_3.ymap
gta-v-sign-0261,prop_sign_road_01a,standard_stop,los_santos_blaine_county,True,-101.80884,237.4066,97.61545,0.0,0.0,-0.043619014,0.99904823,update\x64\dlcpacks\patchday27ng\dlc.rpf\x64\levels\gta5\_citye\sunset\sunset_metadata.rpf\ss1_rd1_strm_1.ymap
gta-v-sign-0262,prop_sign_road_01a,standard_stop,los_santos_blaine_county,True,-81.43082,-1697.7991,28.33053,0.0,0.0,-0.42057496,0.9072578,update\update.rpf\dlc_patch\mplowrider\x64\levels\gta5\_citye\scentral_01\scentral_metadata.rpf\lr_sc1_rd_strm_0.ymap
gta-v-sign-0263,prop_sign_road_01a,standard_stop,los_santos_blaine_county,True,-73.05707,2834.217,52.274574,0.0,0.0,-0.6755908,0.7372768,update\x64\dlcpacks\mplowrider\dlc.rpf\x64\levels\gta5\_hills\country_06\country_06_metadata.rpf\lr_cs6_roads_strm_0.ymap
gta-v-sign-0264,prop_sign_road_01a,standard_stop,los_santos_blaine_county,True,-65.75456,6481.8843,30.42743,0.033835,0.011006001,0.95068,0.308126,update\x64\dlcpacks\patchday2ng\dlc.rpf\x64\levels\gta5\_hills\country_01\country_01_metadata.rpf\cs1_roads_pb_strm_3.ymap
gta-v-sign-0265,prop_sign_road_01a,standard_stop,los_santos_blaine_county,True,-59.651886,6461.8457,30.4803,0.015177998,-0.055157997,-0.22397298,0.9729149,update\x64\dlcpacks\patchday2ng\dlc.rpf\x64\levels\gta5\_hills\country_01\country_01_metadata.rpf\cs1_roads_pb_strm_3.ymap
gta-v-sign-0266,prop_sign_road_01a,standard_stop,los_santos_blaine_county,True,-48.516716,-921.4532,28.254042,0.0,0.0,0.9088174,-0.41719425,update\x64\dlcpacks\patchday27ng\dlc.rpf\x64\levels\gta5\_citye\downtown_01\downtown_01_metadata.rpf\dt1_rd1_strm_1.ymap
gta-v-sign-0267,prop_sign_road_01a,standard_stop,los_santos_blaine_county,True,-41.24463,6506.351,30.4012,-0.028415004,-0.009170001,0.9508591,0.308181,update\x64\dlcpacks\patchday2ng\dlc.rpf\x64\levels\gta5\_hills\country_01\country_01_metadata.rpf\cs1_roads_pb_strm_3.ymap
gta-v-sign-0268,prop_sign_road_01a,standard_stop,los_santos_blaine_county,True,-37.672913,6314.5947,30.276154,0.031134004,-0.095940016,-0.30675104,0.94643015,update\x64\dlcpacks\patchday2ng\dlc.rpf\x64\levels\gta5\_hills\country_01\country_01_metadata.rpf\cs1_roads_pb_strm_1.ymap
gta-v-sign-0269,prop_sign_road_01a,standard_stop,los_santos_blaine_county,True,-7.524048,1836.9197,205.29362,0.0,0.0,0.8191523,-0.57357615,update\x64\dlcpacks\mplowrider\dlc.rpf\x64\levels\gta5\_hills\country_06\country_06_metadata.rpf\lr_cs6_roads_strm_0.ymap
gta-v-sign-0270,prop_sign_road_01a,standard_stop,los_santos_blaine_county,True,-5.386536,-112.58809,55.75837,0.0,0.0,0.994283,-0.106777,update\x64\dlcpacks\patchday27ng\dlc.rpf\x64\levels\gta5\_citye\hollywood_01\hollywood_metadata.rpf\hw1_rd_strm_0.ymap
gta-v-sign-0271,prop_sign_road_01a,standard_stop,los_santos_blaine_county,True,24.975952,24.82711,69.31923,0.0,0.0,0.98615676,-0.16581595,update\x64\dlcpacks\patchday27ng\dlc.rpf\x64\levels\gta5\_citye\hollywood_01\hollywood_metadata.rpf\hw1_rd_strm_3.ymap
gta-v-sign-0272,prop_sign_road_01a,standard_stop,los_santos_blaine_county,True,44.95099,-13.1161,68.45022,0.0,0.0,0.16581595,0.9861567,update\x64\dlcpacks\patchday27ng\dlc.rpf\x64\levels\gta5\_citye\hollywood_01\hollywood_metadata.rpf\hw1_rd_strm_3.ymap
gta-v-sign-0273,prop_sign_road_01a,standard_stop,los_santos_blaine_county,True,46.522385,-1899.5592,20.638445,0.055174015,-0.024159009,0.9268904,0.3704681,update\update.rpf\dlc_patch\mplowrider\x64\levels\gta5\_citye\scentral_01\scentral_metadata.rpf\lr_sc1_rd_strm_0.ymap
gta-v-sign-0274,prop_sign_road_01a,standard_stop,los_santos_blaine_county,True,60.579132,-1485.5421,28.301937,0.0,0.0,0.9819216,-0.18928793,update\update.rpf\dlc_patch\mplowrider\x64\levels\gta5\_citye\scentral_01\scentral_metadata.rpf\lr_sc1_rd_strm_2.ymap
gta-v-sign-0275,prop_sign_road_01a,standard_stop,los_santos_blaine_county,True,64.2959,-1889.2965,20.641796,-0.021005994,-0.024859995,0.93516576,-0.35271192,update\update.rpf\dlc_patch\mplowrider\x64\levels\gta5\_citye\scentral_01\scentral_metadata.rpf\lr_sc1_rd_strm_0.ymap
gta-v-sign-0276,prop_sign_road_01a,standard_stop,los_santos_blaine_county,True,69.06683,328.3996,111.37696,-0.009062998,0.0062199985,0.9171538,-0.39838192,update\x64\dlcpacks\patchday27ng\dlc.rpf\x64\levels\gta5\_citye\hollywood_01\hollywood_metadata.rpf\hw1_rd_strm_3.ymap
gta-v-sign-0277,prop_sign_road_01a,standard_stop,los_santos_blaine_county,True,74.939926,-1906.4103,20.464556,0.05969503,-0.016426008,-0.31631318,0.94663227,update\update.rpf\dlc_patch\mplowrider\x64\levels\gta5\_citye\scentral_01\scentral_metadata.rpf\lr_sc1_rd_strm_7.ymap
gta-v-sign-0278,prop_sign_road_01a,standard_stop,los_santos_blaine_county,True,76.69153,6618.6133,30.36808,-0.0036920004,-0.007149001,0.89064515,-0.45462805,update\x64\dlcpacks\patchday2ng\dlc.rpf\x64\levels\gta5\_hills\country_01\country_01_metadata.rpf\cs1_roads_pb_strm_3.ymap
gta-v-sign-0279,prop_sign_road_01a,standard_stop,los_santos_blaine_county,True,81.354195,-566.99115,30.801176,0.0,0.0,0.84158415,0.5401261,update\x64\dlcpacks\patchday27ng\dlc.rpf\x64\levels\gta5\_citye\downtown_01\downtown_01_metadata.rpf\dt1_rd1_strm_2.ymap
gta-v-sign-0280,prop_sign_road_01a,standard_stop,los_santos_blaine_county,True,85.69391,354.0325,112.556755,-0.030237013,0.042547017,-0.21921511,0.97427934,update\x64\dlcpacks\patchday27ng\dlc.rpf\x64\levels\gta5\_citye\hollywood_01\hollywood_metadata.rpf\hw1_rd_strm_3.ymap
gta-v-sign-0281,prop_sign_road_01a,standard_stop,los_santos_blaine_county,True,114.76585,-1860.9633,23.84926,0.0,0.0,-0.46174806,0.8870111,update\update.rpf\dlc_patch\mplowrider\x64\levels\gta5\_citye\scentral_01\scentral_metadata.rpf\lr_sc1_rd_strm_7.ymap
gta-v-sign-0282,prop_sign_road_01a,standard_stop,los_santos_blaine_county,True,116.1023,-588.76605,30.65119,0.0,0.0,0.1917981,0.9814344,update\x64\dlcpacks\patchday27ng\dlc.rpf\x64\levels\gta5\_citye\downtown_01\downtown_01_metadata.rpf\dt1_rd1_strm_3.ymap
gta-v-sign-0283,prop_sign_road_01a,standard_stop,los_santos_blaine_county,True,145.36725,1659.1495,227.85515,0.0,0.0,0.8191518,-0.57357687,update\x64\dlcpacks\mplowrider\dlc.rpf\x64\levels\gta5\_hills\country_06\country_06_metadata.rpf\lr_cs6_roads_strm_0.ymap
gta-v-sign-0284,prop_sign_road_01a,standard_stop,los_santos_blaine_county,True,150.32468,-169.43628,53.376266,0.0,0.0,0.98615676,-0.16581595,update\x64\dlcpacks\patchday27ng\dlc.rpf\x64\levels\gta5\_citye\hollywood_01\hollywood_metadata.rpf\hw1_rd_strm_0.ymap
gta-v-sign-0285,prop_sign_road_01a,standard_stop,los_santos_blaine_county,True,202.06561,-70.23269,67.92643,0.0,0.0,0.16581595,0.9861567,update\x64\dlcpacks\patchday27ng\dlc.rpf\x64\levels\gta5\_citye\hollywood_01\hollywood_metadata.rpf\hw1_rd_strm_0.ymap
gta-v-sign-0286,prop_sign_road_01a,standard_stop,los_santos_blaine_county,True,223.0704,2088.2908,115.43512,0.0,0.0,0.21643902,0.9762961,update\x64\dlcpacks\mplowrider\dlc.rpf\x64\levels\gta5\_hills\country_06\country_06_metadata.rpf\lr_cs6_roads_strm_0.ymap
gta-v-sign-0287,prop_sign_road_01a,standard_stop,los_santos_blaine_county,True,226.5653,3323.725,38.94157,0.0,0.0,0.99874276,0.05012799,update\update.rpf\dlc_patch\mplowrider\x64\levels\gta5\_hills\country_04\country_04_metadata.rpf\lr_cs4_01_strm_0.ymap
gta-v-sign-0288,prop_sign_road_01a,standard_stop,los_santos_blaine_county,True,239.29025,3140.3535,41.234108,0.026147993,0.009516997,-0.68268377,0.7301839,update\update.rpf\dlc_patch\mplowrider\x64\levels\gta5\_hills\country_04\country_04_metadata.rpf\lr_cs4_13_strm_2.ymap
gta-v-sign-0289,prop_sign_road_01a,standard_stop,los_santos_blaine_county,True,240.91327,-2055.979,16.965256,0.0,0.0,0.91265714,-0.40872604,update\update.rpf\dlc_patch\mplowrider\x64\levels\gta5\_citye\scentral_01\scentral_metadata.rpf\lr_sc1_rd_strm_8.ymap
gta-v-sign-0290,prop_sign_road_01a,standard_stop,los_santos_blaine_county,True,250.32373,447.26318,120.851,-0.016271,0.07364501,-0.42983702,0.899751,update\update.rpf\dlc_patch\mpapartment\x64\levels\gta5\_hills\cityhills_02\cityhills_02_metadata.rpf\apa_ch2_04_strm_0.ymap
gta-v-sign-0291,prop_sign_road_01a,standard_stop,los_santos_blaine_county,True,252.00412,2928.6743,41.856895,0.026147993,0.009516997,-0.68268377,0.7301839,update\update.rpf\dlc_patch\mplowrider\x64\levels\gta5\_hills\country_04\country_04_metadata.rpf\lr_cs4_13_strm_0.ymap
gta-v-sign-0292,prop_sign_road_01a,standard_stop,los_santos_blaine_county,True,254.48633,3315.0068,38.42499,0.021315005,0.017886003,-0.39177513,0.9196402,update\update.rpf\dlc_patch\mplowrider\x64\levels\gta5\_hills\country_04\country_04_metadata.rpf\lr_cs4_01_strm_0.ymap
gta-v-sign-0293,prop_sign_road_01a,standard_stop,los_santos_blaine_county,True,261.0958,-1668.7743,28.296509,0.0,0.0,0.8917177,0.45259234,update\update.rpf\dlc_patch\mplowrider\x64\levels\gta5\_citye\scentral_01\scentral_metadata.rpf\lr_sc1_rd_strm_7.ymap
gta-v-sign-0294,prop_sign_road_01a,standard_stop,los_santos_blaine_county,True,261.8933,3329.535,38.47559,-0.005300003,-0.03691802,-0.41925427,0.90710247,update\update.rpf\dlc_patch\mplowrider\x64\levels\gta5\_hills\country_04\country_04_metadata.rpf\lr_cs4_01_strm_0.ymap
gta-v-sign-0295,prop_sign_road_01a,standard_stop,los_santos_blaine_county,True,261.99573,3392.0732,36.946396,-0.06258401,-0.017765006,0.59792715,0.798906,update\update.rpf\dlc_patch\mplowrider\x64\levels\gta5\_hills\country_04\country_04_metadata.rpf\lr_cs4_01_strm_0.ymap
gta-v-sign-0296,prop_sign_road_01a,standard_stop,los_santos_blaine_county,True,263.67487,1689.6073,235.81398,0.0,0.0,0.99619466,-0.08715597,update\x64\dlcpacks\mplowrider\dlc.rpf\x64\levels\gta5\_hills\country_06\country_06_metadata.rpf\lr_cs6_roads_strm_0.ymap
gta-v-sign-0297,prop_sign_road_01a,standard_stop,los_santos_blaine_county,True,263.7145,-2684.448,17.260498,0.0,0.0,0.17668797,0.98426694,update\update.rpf\dlc_patch\mpheist\x64\levels\gta5\_citye\port_01\port_metadata.rpf\hei_po1_rd_strm_0.ymap
gta-v-sign-0298,prop_sign_road_01a,standard_stop,los_santos_blaine_county,True,274.20895,-1684.62,28.312134,0.0069160024,-0.030253014,0.33469817,0.94181424,update\update.rpf\dlc_patch\mplowrider\x64\levels\gta5\_citye\scentral_01\scentral_metadata.rpf\lr_sc1_rd_strm_7.ymap
gta-v-sign-0299,prop_sign_road_01a,standard_stop,los_santos_blaine_county,True,276.21823,2641.5862,43.532738,0.0,0.0,0.99144477,0.13052697,update\x64\dlcpacks\mplowrider\dlc.rpf\x64\levels\gta5\_hills\country_06\country_06_metadata.rpf\lr_cs6_roads_strm_0.ymap
gta-v-sign-0300,prop_sign_road_01a,standard_stop,los_santos_blaine_county,True,283.22842,1094.7731,216.01228,0.0,0.0,-0.51972115,0.854336,update\update.rpf\dlc_patch\mpapartment\x64\levels\gta5\_hills\cityhills_02\cityhills_02_metadata.rpf\apa_ch2_02_strm_17.ymap
gta-v-sign-0301,prop_sign_road_01a,standard_stop,los_santos_blaine_county,True,292.51828,-1674.1986,28.259314,0.0,0.0,-0.41635507,0.9092021,update\update.rpf\dlc_patch\mplowrider\x64\levels\gta5\_citye\scentral_01\scentral_metadata.rpf\lr_sc1_rd_strm_7.ymap
gta-v-sign-0302,prop_sign_road_01a,standard_stop,los_santos_blaine_county,True,293.47815,-110.482376,68.84852,-0.013606005,-0.002222001,0.55582917,0.83118224,update\x64\dlcpacks\patchday27ng\dlc.rpf\x64\levels\gta5\_citye\hollywood_01\hollywood_metadata.rpf\hw1_rd_strm_1.ymap
gta-v-sign-0303,prop_sign_road_01a,standard_stop,los_santos_blaine_county,True,296.15918,2629.6128,43.515907,0.0,0.0,-0.08715597,0.9961947,update\x64\dlcpacks\mplowrider\dlc.rpf\x64\levels\gta5\_hills\country_06\country_06_metadata.rpf\lr_cs6_roads_strm_0.ymap
gta-v-sign-0304,prop_sign_road_01a,standard_stop,los_santos_blaine_county,True,304.6864,1016.104,209.53906,0.0,0.0,0.99976045,0.02188901,update\update.rpf\dlc_patch\mpapartment\x64\levels\gta5\_hills\cityhills_02\cityhills_02_metadata.rpf\apa_ch2_roads_strm_0.ymap
gta-v-sign-0305,prop_sign_road_01a,standard_stop,los_santos_blaine_county,True,310.5413,-1069.9668,28.415098,0.0,0.0,-0.040862,0.9991648,update\x64\dlcpacks\patchday27ng\dlc.rpf\x64\levels\gta5\_citye\downtown_01\downtown_01_metadata.rpf\dt1_rd1_strm_5.ymap
gta-v-sign-0306,prop_sign_road_01a,standard_stop,los_santos_blaine_county,True,321.6228,-2494.9714,4.60083,0.0,0.0,0.9918432,0.12746403,update\update.rpf\dlc_patch\mpheist\x64\levels\gta5\_citye\port_01\port_metadata.rpf\hei_po1_rd_strm_0.ymap
gta-v-sign-0307,prop_sign_road_01a,standard_stop,los_santos_blaine_county,True,323.94824,991.5268,209.40147,0.0,0.0,-0.011216002,0.9999371,update\update.rpf\dlc_patch\mpapartment\x64\levels\gta5\_hills\cityhills_02\cityhills_02_metadata.rpf\apa_ch2_04_strm_2.ymap
gta-v-sign-0308,prop_sign_road_01a,standard_stop,los_santos_blaine_county,True,331.0429,2640.3105,43.5022,0.0,0.0,0.0,1.0,update\x64\dlcpacks\mplowrider\dlc.rpf\x64\levels\gta5\_hills\country_06\country_06_metadata.rpf\lr_cs6_roads_strm_0.ymap
gta-v-sign-0309,prop_sign_road_01a,standard_stop,los_santos_blaine_county,True,391.69934,3595.583,32.351826,0.18074906,0.68361527,-0.68361527,0.18074906,update\update.rpf\dlc_patch\mplowrider\x64\levels\gta5\_hills\country_04\country_04_metadata.rpf\lr_cs4_03_strm_1.ymap
gta-v-sign-0310,prop_sign_road_01a,standard_stop,los_santos_blaine_county,True,404.60522,-1943.7986,23.147177,0.0,0.0,0.7949682,-0.60665107,update\update.rpf\dlc_patch\mplowrider\x64\levels\gta5\_citye\scentral_01\scentral_metadata.rpf\lr_sc1_rd_strm_8.ymap
gta-v-sign-0311,prop_sign_road_01a,standard_stop,los_santos_blaine_county,True,407.7036,3488.582,33.48302,0.0,0.0,0.99760437,0.06917802,update\update.rpf\dlc_patch\mplowrider\x64\levels\gta5\_hills\country_04\country_04_metadata.rpf\lr_cs4_01_strm_0.ymap
gta-v-sign-0312,prop_sign_road_01a,standard_stop,los_santos_blaine_county,True,434.43256,2660.919,42.967907,0.0,0.0,0.0,1.0,update\x64\dlcpacks\mplowrider\dlc.rpf\x64\levels\gta5\_hills\country_06\country_06_metadata.rpf\lr_cs6_roads_strm_0.ymap
gta-v-sign-0313,prop_sign_road_01a,standard_stop,los_santos_blaine_county,True,452.23224,-1824.8885,26.84339,0.0,0.0,0.9063079,0.42261797,update\update.rpf\dlc_patch\mplowrider\x64\levels\gta5\_citye\scentral_01\scentral_metadata.rpf\lr_sc1_rd_strm_8.ymap
gta-v-sign-0314,prop_sign_road_01a,standard_stop,los_santos_blaine_county,True,459.57788,-1845.9491,26.859585,0.0,0.0,0.38268405,0.92387927,update\update.rpf\dlc_patch\mplowrider\x64\levels\gta5\_citye\scentral_01\scentral_metadata.rpf\lr_sc1_rd_strm_8.ymap
gta-v-sign-0315,prop_sign_road_01a,standard_stop,los_santos_blaine_county,True,462.42255,-2975.4407,5.044006,0.0004889999,-0.00041799992,0.7603169,-0.64955187,update\update.rpf\dlc_patch\mpheist\x64\levels\gta5\_citye\port_01\port_metadata.rpf\hei_po1_07_strm_1.ymap
gta-v-sign-0316,prop_sign_road_01a,standard_stop,los_santos_blaine_county,True,462.78265,-1433.3368,28.478792,-9.999999e-07,9.999999e-07,0.9603829,-0.27868396,update\update.rpf\dlc_patch\mplowrider\x64\levels\gta5\_citye\scentral_01\scentral_metadata.rpf\lr_sc1_rd_strm_5.ymap
gta-v-sign-0317,prop_sign_road_01a,standard_stop,los_santos_blaine_county,True,466.47757,-1450.2473,28.285723,-1.0000001e-06,0.0,0.99778014,0.066594005,update\update.rpf\dlc_patch\mplowrider\x64\levels\gta5\_citye\scentral_01\scentral_metadata.rpf\lr_sc1_rd_strm_5.ymap
gta-v-sign-0318,prop_sign_road_01a,standard_stop,los_santos_blaine_county,True,469.55157,-1813.4788,26.908518,0.0,0.0,0.94180274,-0.33616588,update\update.rpf\dlc_patch\mplowrider\x64\levels\gta5\_citye\scentral_01\scentral_metadata.rpf\lr_sc1_rd_strm_8.ymap
gta-v-sign-0319,prop_sign_road_01a,standard_stop,los_santos_blaine_county,True,480.73547,-1831.8873,26.869894,0.0,0.0,-0.4226179,0.90630794,update\update.rpf\dlc_patch\mplowrider\x64\levels\gta5\_citye\scentral_01\scentral_metadata.rpf\lr_sc1_rd_strm_8.ymap
gta-v-sign-0320,prop_sign_road_01a,standard_stop,los_santos_blaine_county,True,488.60278,-341.10397,44.1596,0.0,0.0,0.5772504,0.81656724,update\x64\dlcpacks\patchday27ng\dlc.rpf\x64\levels\gta5\_citye\hollywood_01\hollywood_metadata.rpf\hw1_rd_strm_2.ymap
gta-v-sign-0321,prop_sign_road_01a,standard_stop,los_santos_blaine_county,True,489.3559,-1266.9937,28.506607,0.0,0.0,0.6872762,0.7263962,update\update.rpf\dlc_patch\mplowrider\x64\levels\gta5\_citye\scentral_01\scentral_metadata.rpf\lr_sc1_rd_strm_5.ymap
gta-v-sign-0322,prop_sign_road_01a,standard_stop,los_santos_blaine_county,True,500.78827,-1892.739,24.554485,0.037878,0.011941,0.972444,0.22972901,update\update.rpf\dlc_patch\mplowrider\x64\levels\gta5\_citye\scentral_01\scentral_metadata.rpf\lr_sc1_rd_strm_8.ymap
gta-v-sign-0323,prop_sign_road_01a,standard_stop,los_santos_blaine_county,True,511.03595,-302.8885,44.385223,0.0,0.0,-0.21205208,0.9772584,update\x64\dlcpacks\patchday27ng\dlc.rpf\x64\levels\gta5\_citye\hollywood_01\hollywood_metadata.rpf\hw1_rd_strm_2.ymap
gta-v-sign-0324,prop_sign_road_01a,standard_stop,los_santos_blaine_county,True,513.8773,-3008.901,5.064011,0.0006430003,-3.500002e-05,0.9985475,-0.053875025,update\update.rpf\dlc_patch\mpheist\x64\levels\gta5\_citye\port_01\port_metadata.rpf\hei_po1_07_strm_1.ymap
gta-v-sign-0325,prop_sign_road_01a,standard_stop,los_santos_blaine_county,True,513.97754,-2975.5186,5.064011,0.0006430003,-3.500002e-05,0.9985475,-0.053875025,update\update.rpf\dlc_patch\mpheist\x64\levels\gta5\_citye\port_01\port_metadata.rpf\hei_po1_07_strm_1.ymap
gta-v-sign-0326,prop_sign_road_01a,standard_stop,los_santos_blaine_county,True,516.69885,-1462.9773,28.27253,0.0,9.999998e-07,0.7940788,-0.60781497,update\update.rpf\dlc_patch\mplowrider\x64\levels\gta5\_citye\scentral_01\scentral_metadata.rpf\lr_sc1_rd_strm_5.ymap
gta-v-sign-0327,prop_sign_road_01a,standard_stop,los_santos_blaine_county,True,524.29443,-2954.599,5.064011,3.500002e-05,0.0006430003,0.053875025,0.9985475,update\update.rpf\dlc_patch\mpheist\x64\levels\gta5\_citye\port_01\port_metadata.rpf\hei_po1_07_strm_1.ymap
gta-v-sign-0328,prop_sign_road_01a,standard_stop,los_santos_blaine_county,True,524.68414,-2986.7417,5.044006,3.500002e-05,0.0006430003,0.053875025,0.9985475,update\update.rpf\dlc_patch\mpheist\x64\levels\gta5\_citye\port_01\port_metadata.rpf\hei_po1_07_strm_1.ymap
gta-v-sign-0329,prop_sign_road_01a,standard_stop,los_santos_blaine_county,True,528.5351,2668.8782,41.332226,0.0,0.0,0.0,1.0,update\x64\dlcpacks\mplowrider\dlc.rpf\x64\levels\gta5\_hills\country_06\country_06_metadata.rpf\lr_cs6_roads_strm_0.ymap
gta-v-sign-0330,prop_sign_road_01a,standard_stop,los_santos_blaine_county,True,529.4613,-1452.5411,28.486784,0.0,1e-06,0.738082,-0.674711,update\update.rpf\dlc_patch\mplowrider\x64\levels\gta5\_citye\scentral_01\scentral_metadata.rpf\lr_sc1_rd_strm_5.ymap
gta-v-sign-0331,prop_sign_road_01a,standard_stop,los_santos_blaine_county,True,589.6933,-3009.1729,5.064011,0.0006430003,-3.500002e-05,0.9985475,-0.053875025,update\update.rpf\dlc_patch\mpheist\x64\levels\gta5\_citye\port_01\port_metadata.rpf\hei_po1_07_strm_2.ymap
gta-v-sign-0332,prop_sign_road_01a,standard_stop,los_santos_blaine_county,True,589.7943,-2975.7712,5.064011,0.0006430003,-3.500002e-05,0.9985475,-0.053875025,update\update.rpf\dlc_patch\mpheist\x64\levels\gta5\_citye\port_01\port_metadata.rpf\hei_po1_07_strm_2.ymap
gta-v-sign-0333,prop_sign_road_01a,standard_stop,los_santos_blaine_county,True,599.68335,-2986.362,5.064011,3.500002e-05,0.0006430003,0.053875025,0.9985475,update\update.rpf\dlc_patch\mpheist\x64\levels\gta5\_citye\port_01\port_metadata.rpf\hei_po1_07_strm_2.ymap
gta-v-sign-0334,prop_sign_road_01a,standard_stop,los_santos_blaine_county,True,599.8293,-2954.637,5.064003,3.500002e-05,0.0006430003,0.053875025,0.9985475,update\update.rpf\dlc_patch\mpheist\x64\levels\gta5\_citye\port_01\port_metadata.rpf\hei_po1_07_strm_2.ymap
gta-v-sign-0335,prop_sign_road_01a,standard_stop,los_santos_blaine_county,True,606.32227,2683.8389,40.442505,0.0,0.0,0.0,1.0,update\x64\dlcpacks\mplowrider\dlc.rpf\x64\levels\gta5\_hills\country_06\country_06_metadata.rpf\lr_cs6_roads_strm_1.ymap
gta-v-sign-0336,prop_sign_road_01a,standard_stop,los_santos_blaine_county,True,636.54785,2709.921,39.837242,0.0,0.0,0.99863446,-0.05224303,update\update.rpf\dlc_patch\mplowrider\x64\levels\gta5\_hills\country_04\country_04_metadata.rpf\lr_cs4_13_strm_1.ymap
gta-v-sign-0337,prop_sign_road_01a,standard_stop,los_santos_blaine_county,True,640.0387,-70.48302,74.50302,0.0,0.0,-0.24527092,0.9694546,update\x64\dlcpacks\patchday27ng\dlc.rpf\x64\levels\gta5\_citye\hollywood_01\hollywood_metadata.rpf\hw1_rd_strm_6.ymap
gta-v-sign-0338,prop_sign_road_01a,standard_stop,los_santos_blaine_county,True,645.7276,-2985.7573,5.064011,0.00043299986,0.00047599978,0.67237574,0.74020976,update\update.rpf\dlc_patch\mpheist\x64\levels\gta5\_citye\port_01\port_metadata.rpf\hei_po1_07_strm_2.ymap
gta-v-sign-0339,prop_sign_road_01a,standard_stop,los_santos_blaine_county,True,653.4336,365.48602,110.95137,0.025584014,0.003960002,0.6964344,0.7171534,update\update.rpf\dlc_patch\mpapartment\x64\levels\gta5\_hills\cityhills_02\cityhills_02_metadata.rpf\apa_ch2_04_strm_1.ymap
gta-v-sign-0340,prop_sign_road_01a,standard_stop,los_santos_blaine_county,True,656.8995,-2953.7053,5.064003,0.00043299986,0.00047599978,0.67237574,0.74020976,update\update.rpf\dlc_patch\mpheist\x64\levels\gta5\_citye\port_01\port_metadata.rpf\hei_po1_07_strm_2.ymap
gta-v-sign-0341,prop_sign_road_01a,standard_stop,los_santos_blaine_county,True,690.5228,2197.8643,59.430027,0.0,0.0,0.8870111,-0.46174806,update\x64\dlcpacks\mplowrider\dlc.rpf\x64\levels\gta5\_hills\country_06\country_06_metadata.rpf\lr_cs6_roads_strm_1.ymap
gta-v-sign-0342,prop_sign_road_01a,standard_stop,los_santos_blaine_county,True,717.43726,2271.4326,49.29159,0.0,0.0,-0.249887,0.968275,update\x64\dlcpacks\mplowrider\dlc.rpf\x64\levels\gta5\_hills\country_06\country_06_metadata.rpf\lr_cs6_roads_strm_1.ymap
gta-v-sign-0343,prop_sign_road_01a,standard_stop,los_santos_blaine_county,True,757.7355,-3027.0159,5.028168,0.0,0.0,0.0,1.0,update\update.rpf\dlc_patch\mpheist\x64\levels\gta5\_citye\port_01\port_metadata.rpf\hei_po1_06_strm_2.ymap
gta-v-sign-0344,prop_sign_road_01a,standard_stop,los_santos_blaine_county,True,766.8375,-3027.0159,4.940155,0.0,0.0,0.0,1.0,update\update.rpf\dlc_patch\mpheist\x64\levels\gta5\_citye\port_01\port_metadata.rpf\hei_po1_06_strm_2.ymap
gta-v-sign-0345,prop_sign_road_01a,standard_stop,los_santos_blaine_county,True,767.26843,-1050.1659,25.960407,0.0,0.0,0.6659212,0.7460221,update\x64\dlcpacks\patchday2ng\dlc.rpf\x64\levels\gta5\_citye\indust_02\indust_02_metadata.rpf\id2_11_strm_0.ymap
gta-v-sign-0346,prop_sign_road_01a,standard_stop,los_santos_blaine_county,True,801.9346,-998.89557,25.11789,0.007568999,0.046603005,-0.6445951,0.7630649,update\x64\dlcpacks\patchday2ng\dlc.rpf\x64\levels\gta5\_citye\indust_02\indust_02_metadata.rpf\id2_rd_strm_0.ymap
gta-v-sign-0347,prop_sign_road_01a,standard_stop,los_santos_blaine_county,True,807.2295,-1080.2854,27.607628,-0.0025260006,-0.047146,0.722729,-0.689517,update\x64\dlcpacks\patchday2ng\dlc.rpf\x64\levels\gta5\_citye\indust_02\indust_02_metadata.rpf\id2_rd_strm_0.ymap
gta-v-sign-0348,prop_sign_road_01a,standard_stop,los_santos_blaine_county,True,814.8854,-1463.4393,26.253796,0.0,0.0,-0.20342395,0.97909075,update\x64\dlcpacks\mpbiker\dlc.rpf\x64\levels\gta5\_citye\indust_01\indust_01_metadata.rpf\bkr_id1_rd_strm_3.ymap
gta-v-sign-0349,prop_sign_road_01a,standard_stop,los_santos_blaine_county,True,817.8063,-176.30731,71.719185,0.013307995,-0.0035989985,0.9652336,-0.26102492,update\x64\dlcpacks\patchday27ng\dlc.rpf\x64\levels\gta5\_citye\hollywood_01\hollywood_metadata.rpf\hw1_rd_strm_6.ymap
gta-v-sign-0350,prop_sign_road_01a,standard_stop,los_santos_blaine_county,True,858.90015,2221.6335,47.479965,0.0,0.0,0.7071068,0.70710677,update\x64\dlcpacks\mplowrider\dlc.rpf\x64\levels\gta5\_hills\country_06\country_06_metadata.rpf\lr_cs6_roads_strm_1.ymap
gta-v-sign-0351,prop_sign_road_01a,standard_stop,los_santos_blaine_county,True,867.58685,-123.73838,78.33443,0.0035989985,0.013307995,0.26102492,0.9652336,update\x64\dlcpacks\patchday27ng\dlc.rpf\x64\levels\gta5\_citye\hollywood_01\hollywood_metadata.rpf\hw1_rd_strm_6.ymap
gta-v-sign-0352,prop_sign_road_01a,standard_stop,los_santos_blaine_county,True,875.56067,-83.8053,77.96626,0.0,0.0,0.955654,-0.294492,update\x64\dlcpacks\patchday2ng\dlc.rpf\x64\levels\gta5\_hills\cityhills_03\cityhills_03_metadata.rpf\ch3_12_strm_0.ymap
gta-v-sign-0353,prop_sign_road_01a,standard_stop,los_santos_blaine_county,True,877.13525,-3055.5747,4.755333,0.0,0.0,0.9982072,-0.059854016,update\update.rpf\dlc_patch\mpheist\x64\levels\gta5\_citye\port_01\port_metadata.rpf\hei_po1_06_strm_5.ymap
gta-v-sign-0354,prop_sign_road_01a,standard_stop,los_santos_blaine_county,True,877.1362,-3000.8306,4.844078,0.0,0.0,0.9982072,-0.059854016,update\update.rpf\dlc_patch\mpheist\x64\levels\gta5\_citye\port_01\port_metadata.rpf\hei_po1_06_strm_4.ymap
gta-v-sign-0355,prop_sign_road_01a,standard_stop,los_santos_blaine_county,True,879.3948,-237.49603,68.61805,0.0,0.0,0.8855873,0.46447316,update\x64\dlcpacks\patchday27ng\dlc.rpf\x64\levels\gta5\_citye\hollywood_01\hollywood_metadata.rpf\hw1_rd_strm_6.ymap
gta-v-sign-0356,prop_sign_road_01a,standard_stop,los_santos_blaine_county,True,880.6736,26.830673,77.72662,0.0,0.0,-0.3835998,0.92349946,update\x64\dlcpacks\patchday2ng\dlc.rpf\x64\levels\gta5\_hills\cityhills_03\cityhills_03_metadata.rpf\ch3_12_strm_0.ymap
gta-v-sign-0357,prop_sign_road_01a,standard_stop,los_santos_blaine_county,True,889.3214,-3013.2896,4.841393,0.0,0.0,0.059855007,0.9982071,update\update.rpf\dlc_patch\mpheist\x64\levels\gta5\_citye\port_01\port_metadata.rpf\hei_po1_06_strm_5.ymap
gta-v-sign-0358,prop_sign_road_01a,standard_stop,los_santos_blaine_county,True,889.38605,-3067.7935,4.820747,0.0,0.0,0.059855007,0.9982071,update\update.rpf\dlc_patch\mpheist\x64\levels\gta5\_citye\port_01\port_metadata.rpf\hei_po1_06_strm_5.ymap
gta-v-sign-0359,prop_sign_road_01a,standard_stop,los_santos_blaine_county,True,889.68884,-2962.2114,4.866272,0.0,0.0,0.059855007,0.9982071,update\update.rpf\dlc_patch\mpheist\x64\levels\gta5\_citye\port_01\port_metadata.rpf\hei_po1_06_strm_4.ymap
gta-v-sign-0360,prop_sign_road_01a,standard_stop,los_santos_blaine_county,True,890.18915,-3163.477,4.900589,0.0,0.0,0.716243,-0.697851,update\update.rpf\dlc_patch\mpheist\x64\levels\gta5\_citye\port_01\port_metadata.rpf\hei_po1_06_strm_0.ymap
gta-v-sign-0361,prop_sign_road_01a,standard_stop,los_santos_blaine_county,True,890.4339,-3139.151,4.900589,0.0,0.0,0.726228,-0.687454,update\update.rpf\dlc_patch\mpheist\x64\levels\gta5\_citye\port_01\port_metadata.rpf\hei_po1_06_strm_0.ymap
gta-v-sign-0362,prop_sign_road_01a,standard_stop,los_santos_blaine_county,True,890.6455,21.642992,77.854324,0.0,0.0,0.95683223,-0.29064107,update\x64\dlcpacks\patchday2ng\dlc.rpf\x64\levels\gta5\_hills\cityhills_03\cityhills_03_metadata.rpf\ch3_12_strm_0.ymap
gta-v-sign-0363,prop_sign_road_01a,standard_stop,los_santos_blaine_county,True,894.0432,-224.24765,68.4252,0.0,0.0,0.9609054,-0.27687708,update\x64\dlcpacks\patchday27ng\dlc.rpf\x64\levels\gta5\_citye\hollywood_01\hollywood_metadata.rpf\hw1_rd_strm_6.ymap
gta-v-sign-0364,prop_sign_road_01a,standard_stop,los_santos_blaine_county,True,902.00836,-2254.1328,29.504879,-0.007908999,0.018291999,0.74372196,0.66819197,update\x64\dlcpacks\mpbiker\dlc.rpf\x64\levels\gta5\_citye\indust_01\indust_01_metadata.rpf\bkr_id1_rd_strm_1.ymap
gta-v-sign-0365,prop_sign_road_01a,standard_stop,los_santos_blaine_county,True,906.48486,-239.39438,68.43667,0.0,0.0,-0.46447277,0.8855874,update\x64\dlcpacks\patchday27ng\dlc.rpf\x64\levels\gta5\_citye\hollywood_01\hollywood_metadata.rpf\hw1_rd_strm_6.ymap
gta-v-sign-0366,prop_sign_road_01a,standard_stop,los_santos_blaine_county,True,918.7003,1738.929,164.98044,0.0,0.0,0.9914449,0.13052599,update\x64\dlcpacks\mplowrider\dlc.rpf\x64\levels\gta5\_hills\country_06\country_06_metadata.rpf\lr_cs6_roads_strm_1.ymap
gta-v-sign-0367,prop_sign_road_01a,standard_stop,los_santos_blaine_county,True,919.03326,-583.3918,56.36088,0.0,0.0,0.8261817,-0.56340384,update\x64\dlcpacks\patchday2ng\dlc.rpf\x64\levels\gta5\_citye\indust_02\indust_02_metadata.rpf\id2_rdb_strm_0.ymap
gta-v-sign-0368,prop_sign_road_01a,standard_stop,los_santos_blaine_county,True,921.68054,3546.0078,32.94043,0.0,0.0,0.99992865,-0.011942997,update\update.rpf\dlc_patch\mplowrider\x64\levels\gta5\_hills\country_04\country_04_metadata.rpf\lr_cs4_01_strm_0.ymap
gta-v-sign-0369,prop_sign_road_01a,standard_stop,los_santos_blaine_county,True,930.64954,-20.340946,77.89905,0.0,0.0,0.27423188,0.9616636,update\x64\dlcpacks\patchday2ng\dlc.rpf\x64\levels\gta5\_hills\cityhills_03\cityhills_03_metadata.rpf\ch3_12_strm_0.ymap
gta-v-sign-0370,prop_sign_road_01a,standard_stop,los_santos_blaine_county,True,936.74805,92.58122,78.129585,0.0,0.0,-0.4177118,0.9085796,update\x64\dlcpacks\patchday2ng\dlc.rpf\x64\levels\gta5\_hills\cityhills_03\cityhills_03_metadata.rpf\ch3_12_strm_0.ymap
gta-v-sign-0371,prop_sign_road_01a,standard_stop,los_santos_blaine_county,True,941.31006,-173.30515,73.58084,0.0035989985,0.013307995,0.26102492,0.9652336,update\x64\dlcpacks\patchday27ng\dlc.rpf\x64\levels\gta5\_citye\hollywood_01\hollywood_metadata.rpf\hw1_rd_strm_6.ymap
gta-v-sign-0372,prop_sign_road_01a,standard_stop,los_santos_blaine_county,True,957.38245,-1876.7537,30.030533,0.0,0.0,-0.60908,0.7931088,update\x64\dlcpacks\mpbiker\dlc.rpf\x64\levels\gta5\_citye\indust_01\indust_01_metadata.rpf\bkr_id1_rd_strm_4.ymap
gta-v-sign-0373,prop_sign_road_01a,standard_stop,los_santos_blaine_county,True,965.61597,-654.2956,56.35744,0.0,0.0,0.97829825,0.20720205,update\x64\dlcpacks\patchday2ng\dlc.rpf\x64\levels\gta5\_citye\indust_02\indust_02_metadata.rpf\id2_rdb_strm_0.ymap
gta-v-sign-0374,prop_sign_road_01a,standard_stop,los_santos_blaine_county,True,971.952,-3109.063,4.859795,0.0,0.0,0.99995047,0.0099540055,update\update.rpf\dlc_patch\mpheist\x64\levels\gta5\_citye\port_01\port_metadata.rpf\hei_po1_06_strm_5.ymap
gta-v-sign-0375,prop_sign_road_01a,standard_stop,los_santos_blaine_county,True,971.98926,-3000.6826,4.869812,0.0,0.0,0.99995047,0.0099540055,update\update.rpf\dlc_patch\mpheist\x64\levels\gta5\_citye\port_01\port_metadata.rpf\hei_po1_06_strm_4.ymap
gta-v-sign-0376,prop_sign_road_01a,standard_stop,los_santos_blaine_county,True,972.12225,-3055.7715,4.885269,0.0,0.0,0.99995047,0.0099540055,update\update.rpf\dlc_patch\mpheist\x64\levels\gta5\_citye\port_01\port_metadata.rpf\hei_po1_06_strm_5.ymap
gta-v-sign-0377,prop_sign_road_01a,standard_stop,los_santos_blaine_county,True,972.3291,-3164.0718,4.875999,0.0,0.0,0.99995047,0.0099540055,update\update.rpf\dlc_patch\mpheist\x64\levels\gta5\_citye\port_01\port_metadata.rpf\hei_po1_06_strm_0.ymap
gta-v-sign-0378,prop_sign_road_01a,standard_stop,los_santos_blaine_county,True,979.6796,2136.7432,47.831078,0.0,0.0,0.5373001,0.8433911,update\x64\dlcpacks\mplowrider\dlc.rpf\x64\levels\gta5\_hills\country_06\country_06_metadata.rpf\lr_cs6_roads_strm_1.ymap
gta-v-sign-0379,prop_sign_road_01a,standard_stop,los_santos_blaine_county,True,980.22314,-1003.03503,40.972023,-0.01001,0.049810003,0.703532,0.70884514,update\x64\dlcpacks\patchday2ng\dlc.rpf\x64\levels\gta5\_citye\indust_02\indust_02_metadata.rpf\id2_rd_strm_4.ymap
gta-v-sign-0380,prop_sign_road_01a,standard_stop,los_santos_blaine_county,True,984.1843,-3176.0977,4.877899,0.0,0.0,0.057074,0.99836993,update\update.rpf\dlc_patch\mpheist\x64\levels\gta5\_citye\port_01\port_metadata.rpf\hei_po1_06_strm_0.ymap
gta-v-sign-0381,prop_sign_road_01a,standard_stop,los_santos_blaine_county,True,984.1933,-2962.2754,4.887306,0.0,0.0,0.057074,0.99836993,update\update.rpf\dlc_patch\mpheist\x64\levels\gta5\_citye\port_01\port_metadata.rpf\hei_po1_06_strm_4.ymap
gta-v-sign-0382,prop_sign_road_01a,standard_stop,los_santos_blaine_county,True,984.2732,-3121.1152,4.86351,0.0,0.0,0.057074,0.99836993,update\update.rpf\dlc_patch\mpheist\x64\levels\gta5\_citye\port_01\port_metadata.rpf\hei_po1_06_strm_0.ymap
gta-v-sign-0383,prop_sign_road_01a,standard_stop,los_santos_blaine_county,True,984.4429,-3067.5615,4.84697,0.0,0.0,0.057074,0.99836993,update\update.rpf\dlc_patch\mpheist\x64\levels\gta5\_citye\port_01\port_metadata.rpf\hei_po1_06_strm_5.ymap
gta-v-sign-0384,prop_sign_road_01a,standard_stop,los_santos_blaine_county,True,984.50964,-3013.1152,4.867317,0.0,0.0,0.057074,0.99836993,update\update.rpf\dlc_patch\mpheist\x64\levels\gta5\_citye\port_01\port_metadata.rpf\hei_po1_06_strm_5.ymap
gta-v-sign-0385,prop_sign_road_01a,standard_stop,los_santos_blaine_county,True,985.51294,-650.2879,56.667156,0.0,0.0,0.759935,-0.649999,update\x64\dlcpacks\patchday2ng\dlc.rpf\x64\levels\gta5\_citye\indust_02\indust_02_metadata.rpf\id2_rdb_strm_0.ymap
gta-v-sign-0386,prop_sign_road_01a,standard_stop,los_santos_blaine_county,True,989.39575,-670.56976,56.43356,0.0,0.0,-0.012364996,0.9999235,update\x64\dlcpacks\patchday2ng\dlc.rpf\x64\levels\gta5\_citye\indust_02\indust_02_metadata.rpf\id2_rdb_strm_0.ymap
gta-v-sign-0387,prop_sign_road_01a,standard_stop,los_santos_blaine_county,True,1000.0751,-1004.43555,41.05287,-0.006059001,0.04033401,-0.14843303,0.98808104,update\x64\dlcpacks\patchday2ng\dlc.rpf\x64\levels\gta5\_citye\indust_02\indust_02_metadata.rpf\id2_rd_strm_4.ymap
gta-v-sign-0388,prop_sign_road_01a,standard_stop,los_santos_blaine_county,True,1010.53516,490.67834,96.70492,0.0,0.0,0.9125433,0.40898016,update\update.rpf\dlc_patch\mpapartment\x64\levels\gta5\_hills\cityhills_02\cityhills_02_metadata.rpf\apa_ch2_04_strm_6.ymap
gta-v-sign-0389,prop_sign_road_01a,standard_stop,los_santos_blaine_county,True,1016.80414,-216.82053,69.19831,0.0,0.0,0.26388997,0.9645528,update\x64\dlcpacks\patchday27ng\dlc.rpf\x64\levels\gta5\_citye\hollywood_01\hollywood_metadata.rpf\hw1_rd_strm_6.ymap
gta-v-sign-0390,prop_sign_road_01a,standard_stop,los_santos_blaine_county,True,1022.3557,475.065,95.19824,0.0,0.0,0.38010895,0.9249417,update\update.rpf\dlc_patch\mpapartment\x64\levels\gta5\_hills\cityhills_02\cityhills_02_metadata.rpf\apa_ch2_04_strm_6.ymap
gta-v-sign-0391,prop_sign_road_01a,standard_stop,los_santos_blaine_county,True,1029.1472,502.0224,95.707756,0.0,0.0,0.893993,-0.448081,update\update.rpf\dlc_patch\mpapartment\x64\levels\gta5\_hills\cityhills_02\cityhills_02_metadata.rpf\apa_ch2_04_strm_6.ymap
gta-v-sign-0392,prop_sign_road_01a,standard_stop,los_santos_blaine_county,True,1037.1575,-538.6246,59.84921,0.0,0.0,-0.012363995,0.9999236,update\x64\dlcpacks\patchday2ng\dlc.rpf\x64\levels\gta5\_citye\indust_02\indust_02_metadata.rpf\id2_rdb_strm_0.ymap
gta-v-sign-0393,prop_sign_road_01a,standard_stop,los_santos_blaine_county,True,1039.0244,485.19104,94.42351,0.0,0.0,-0.40897983,0.9125434,update\update.rpf\dlc_patch\mpapartment\x64\levels\gta5\_hills\cityhills_02\cityhills_02_metadata.rpf\apa_ch2_04_strm_6.ymap
gta-v-sign-0394,prop_sign_road_01a,standard_stop,los_santos_blaine_county,True,1057.6516,-527.43964,60.979,0.0,0.0,0.6332667,0.77393365,update\x64\dlcpacks\patchday2ng\dlc.rpf\x64\levels\gta5\_citye\indust_02\indust_02_metadata.rpf\id2_rdb_strm_2.ymap
gta-v-sign-0395,prop_sign_road_01a,standard_stop,los_santos_blaine_county,True,1061.237,-505.57904,61.51782,0.0,0.0,0.98312265,-0.18294795,update\x64\dlcpacks\patchday2ng\dlc.rpf\x64\levels\gta5\_citye\indust_02\indust_02_metadata.rpf\id2_rdb_strm_1.ymap
gta-v-sign-0396,prop_sign_road_01a,standard_stop,los_santos_blaine_county,True,1062.2388,-414.80893,66.052185,0.0,0.0,0.41137916,0.9114643,update\x64\dlcpacks\patchday2ng\dlc.rpf\x64\levels\gta5\_citye\indust_02\indust_02_metadata.rpf\id2_rdb_strm_1.ymap
gta-v-sign-0397,prop_sign_road_01a,standard_stop,los_santos_blaine_county,True,1070.7167,-3000.899,4.887299,0.0,0.0,0.99995047,0.0099540055,update\update.rpf\dlc_patch\mpheist\x64\levels\gta5\_citye\port_01\port_metadata.rpf\hei_po1_06_strm_7.ymap
gta-v-sign-0398,prop_sign_road_01a,standard_stop,los_santos_blaine_county,True,1070.8182,-3055.4673,4.805191,0.0,0.0,0.99995047,0.0099540055,update\update.rpf\dlc_patch\mpheist\x64\levels\gta5\_citye\port_01\port_metadata.rpf\hei_po1_06_strm_6.ymap
gta-v-sign-0399,prop_sign_road_01a,standard_stop,los_santos_blaine_county,True,1071.0895,-3109.2837,4.838104,0.0,0.0,0.99995047,0.0099540055,update\update.rpf\dlc_patch\mpheist\x64\levels\gta5\_citye\port_01\port_metadata.rpf\hei_po1_06_strm_6.ymap
gta-v-sign-0400,prop_sign_road_01a,standard_stop,los_santos_blaine_county,True,1071.1038,-3163.8042,4.865471,0.0,0.0,0.99995047,0.0099540055,update\update.rpf\dlc_patch\mpheist\x64\levels\gta5\_citye\port_01\port_metadata.rpf\hei_po1_06_strm_9.ymap
gta-v-sign-0401,prop_sign_road_01a,standard_stop,los_santos_blaine_county,True,1074.9829,-378.11673,66.13983,0.0,0.0,0.99995536,-0.009451005,update\x64\dlcpacks\patchday2ng\dlc.rpf\x64\levels\gta5\_citye\indust_02\indust_02_metadata.rpf\id2_rdb_strm_1.ymap
gta-v-sign-0402,prop_sign_road_01a,standard_stop,los_santos_blaine_county,True,1078.451,2064.121,52.00657,0.0,0.0,0.7897127,-0.61347675,update\x64\dlcpacks\mplowrider\dlc.rpf\x64\levels\gta5\_hills\country_06\country_06_metadata.rpf\lr_cs6_02_strm_2.ymap
gta-v-sign-0403,prop_sign_road_01a,standard_stop,los_santos_blaine_county,True,1082.7932,-3175.5928,4.870216,0.0,0.0,-0.009955006,0.99995047,update\update.rpf\dlc_patch\mpheist\x64\levels\gta5\_citye\port_01\port_metadata.rpf\hei_po1_06_strm_9.ymap
gta-v-sign-0404,prop_sign_road_01a,standard_stop,los_santos_blaine_county,True,1082.8116,-3013.31,4.887306,0.0,0.0,-0.009955006,0.99995047,update\update.rpf\dlc_patch\mpheist\x64\levels\gta5\_citye\port_01\port_metadata.rpf\hei_po1_06_strm_6.ymap
gta-v-sign-0405,prop_sign_road_01a,standard_stop,los_santos_blaine_county,True,1082.9375,-3120.9614,4.842476,0.0,0.0,-0.009955006,0.99995047,update\update.rpf\dlc_patch\mpheist\x64\levels\gta5\_citye\port_01\port_metadata.rpf\hei_po1_06_strm_9.ymap
gta-v-sign-0406,prop_sign_road_01a,standard_stop,los_santos_blaine_county,True,1083.0549,-3067.75,4.758286,0.0,0.0,-0.009955006,0.99995047,update\update.rpf\dlc_patch\mpheist\x64\levels\gta5\_citye\port_01\port_metadata.rpf\hei_po1_06_strm_6.ymap
gta-v-sign-0407,prop_sign_road_01a,standard_stop,los_santos_blaine_county,True,1083.1812,-2962.3457,4.887306,0.0,0.0,-0.009955006,0.99995047,update\update.rpf\dlc_patch\mpheist\x64\levels\gta5\_citye\port_01\port_metadata.rpf\hei_po1_06_strm_7.ymap
gta-v-sign-0408,prop_sign_road_01a,standard_stop,los_santos_blaine_county,True,1090.8728,-402.17697,66.17392,0.0,0.0,0.053060025,0.9985913,update\x64\dlcpacks\patchday2ng\dlc.rpf\x64\levels\gta5\_citye\indust_02\indust_02_metadata.rpf\id2_rdb_strm_1.ymap
gta-v-sign-0409,prop_sign_road_01a,standard_stop,los_santos_blaine_county,True,1096.1692,-366.98816,66.036255,0.0,0.0,0.759935,-0.649999,update\x64\dlcpacks\patchday2ng\dlc.rpf\x64\levels\gta5\_citye\indust_02\indust_02_metadata.rpf\id2_rdb_strm_1.ymap
gta-v-sign-0410,prop_sign_road_01a,standard_stop,los_santos_blaine_county,True,1109.7134,3519.3184,33.51165,-0.014136992,0.014675993,0.99931353,-0.030937983,update\update.rpf\dlc_patch\mplowrider\x64\levels\gta5\_hills\country_04\country_04_metadata.rpf\lr_cs4_12_strm_0.ymap
gta-v-sign-0411,prop_sign_road_01a,standard_stop,los_santos_blaine_county,True,1121.0327,3493.6196,33.45736,-0.014416003,-0.014401003,0.012751004,0.99971104,update\update.rpf\dlc_patch\mplowrider\x64\levels\gta5\_hills\country_04\country_04_metadata.rpf\lr_cs4_12_strm_0.ymap
gta-v-sign-0412,prop_sign_road_01a,standard_stop,los_santos_blaine_county,True,1124.3076,3520.1807,33.478233,-0.014416003,-0.014401003,0.012751004,0.99971104,update\update.rpf\dlc_patch\mplowrider\x64\levels\gta5\_hills\country_04\country_04_metadata.rpf\lr_cs4_12_strm_0.ymap
gta-v-sign-0413,prop_sign_road_01a,standard_stop,los_santos_blaine_county,True,1154.179,2709.019,36.783463,-0.011124005,-0.025506008,0.99957633,-0.008539003,update\update.rpf\dlc_patch\mplowrider\x64\levels\gta5\_hills\country_04\country_04_metadata.rpf\lr_cs4_13_strm_5.ymap
gta-v-sign-0414,prop_sign_road_01a,standard_stop,los_santos_blaine_county,True,1160.2156,-3108.877,4.868141,0.0,0.0,0.99998486,-0.0054999995,update\update.rpf\dlc_patch\mpheist\x64\levels\gta5\_citye\port_01\port_metadata.rpf\hei_po1_06_strm_8.ymap
gta-v-sign-0415,prop_sign_road_01a,standard_stop,los_santos_blaine_county,True,1172.5603,-3212.3066,4.887299,0.0,0.0,0.7222676,-0.6916137,update\update.rpf\dlc_patch\mpheist\x64\levels\gta5\_citye\port_01\port_metadata.rpf\hei_po1_06_strm_10.ymap
gta-v-sign-0416,prop_sign_road_01a,standard_stop,los_santos_blaine_county,True,1250.6624,-551.112,68.018036,0.0,0.0,0.7518398,0.6593458,update\x64\dlcpacks\patchday2ng\dlc.rpf\x64\levels\gta5\_citye\indust_02\indust_02_metadata.rpf\id2_rdb_strm_2.ymap
gta-v-sign-0417,prop_sign_road_01a,standard_stop,los_santos_blaine_county,True,1250.8676,-3224.3906,4.887306,0.0,0.0,0.69161433,0.7222671,update\update.rpf\dlc_patch\mpheist\x64\levels\gta5\_citye\port_01\port_metadata.rpf\hei_po1_06_strm_10.ymap
gta-v-sign-0418,prop_sign_road_01a,standard_stop,los_santos_blaine_county,True,1259.093,-532.809,68.05513,0.0,0.0,0.99144477,-0.13052697,update\x64\dlcpacks\patchday2ng\dlc.rpf\x64\levels\gta5\_citye\indust_02\indust_02_metadata.rpf\id2_rdb_strm_2.ymap
gta-v-sign-0419,prop_sign_road_01a,standard_stop,los_santos_blaine_county,True,1269.5166,-558.5512,68.00404,0.0,0.0,0.021816,0.999762,update\x64\dlcpacks\patchday2ng\dlc.rpf\x64\levels\gta5\_citye\indust_02\indust_02_metadata.rpf\id2_rdb_strm_2.ymap
gta-v-sign-0420,prop_sign_road_01a,standard_stop,los_santos_blaine_county,True,1269.8035,3544.6655,34.08783,0.0,0.0,0.7955197,-0.60592777,update\update.rpf\dlc_patch\mplowrider\x64\levels\gta5\_hills\country_04\country_04_metadata.rpf\lr_cs4_12_strm_0.ymap
gta-v-sign-0421,prop_sign_road_01a,standard_stop,los_santos_blaine_county,True,1269.9329,2673.097,36.422184,0.018776003,-0.024470005,0.13093503,0.99091107,update\x64\dlcpacks\mplowrider\dlc.rpf\x64\levels\gta5\_hills\country_06\country_06_metadata.rpf\lr_cs6_roads_strm_1.ymap
gta-v-sign-0422,prop_sign_road_01a,standard_stop,los_santos_blaine_county,True,1277.7341,-540.6972,68.08952,0.0,0.0,-0.70710653,0.7071072,update\x64\dlcpacks\patchday2ng\dlc.rpf\x64\levels\gta5\_citye\indust_02\indust_02_metadata.rpf\id2_rdb_strm_2.ymap
gta-v-sign-0423,prop_sign_road_01a,standard_stop,los_santos_blaine_county,True,1292.0793,1916.1696,83.86808,0.0,0.0,0.9035461,-0.42849106,update\x64\dlcpacks\mplowrider\dlc.rpf\x64\levels\gta5\_hills\country_06\country_06_metadata.rpf\lr_cs6_05_strm_2.ymap
gta-v-sign-0424,prop_sign_road_01a,standard_stop,los_santos_blaine_county,True,1299.103,-708.9572,63.85037,0.011596999,0.0066959993,-0.49995494,0.8659479,update\x64\dlcpacks\patchday2ng\dlc.rpf\x64\levels\gta5\_citye\indust_02\indust_02_metadata.rpf\id2_rdb_strm_2.ymap
gta-v-sign-0425,prop_sign_road_01a,standard_stop,los_santos_blaine_county,True,1579.5366,3454.3706,35.347527,-0.014672993,-0.014138994,0.030777985,0.99931854,update\update.rpf\dlc_patch\mplowrider\x64\levels\gta5\_hills\country_04\country_04_metadata.rpf\lr_cs4_12_strm_0.ymap
gta-v-sign-0426,prop_sign_road_01a,standard_stop,los_santos_blaine_county,True,1673.7646,3466.4243,35.347527,-0.019544,-0.0057659997,0.48873398,0.8721949,update\update.rpf\dlc_patch\mplowrider\x64\levels\gta5\_hills\country_04\country_04_metadata.rpf\lr_cs4_12_strm_0.ymap
gta-v-sign-0427,prop_sign_road_01a,standard_stop,los_santos_blaine_county,True,1684.5049,3513.4546,35.281555,0.030922996,-0.023478998,0.98176587,0.18608698,update\update.rpf\dlc_patch\mplowrider\x64\levels\gta5\_hills\country_04\country_04_metadata.rpf\lr_cs4_06_strm_2.ymap
gta-v-sign-0428,prop_sign_road_01a,standard_stop,los_santos_blaine_county,True,1697.1382,3463.684,36.27209,0.002042999,0.0044999975,0.53569275,0.84439856,update\update.rpf\dlc_patch\mplowrider\x64\levels\gta5\_hills\country_04\country_04_metadata.rpf\lr_cs4_12_strm_0.ymap
gta-v-sign-0429,prop_sign_road_01a,standard_stop,los_santos_blaine_county,True,1708.5635,3501.6997,35.445625,0.0,0.0,-0.20809205,0.97810924,update\update.rpf\dlc_patch\mplowrider\x64\levels\gta5\_hills\country_04\country_04_metadata.rpf\lr_cs4_12_strm_0.ymap
gta-v-sign-0430,prop_sign_road_01a,standard_stop,los_santos_blaine_county,True,1736.9756,3502.1453,35.774162,0.0,0.0,0.833,-0.553273,update\update.rpf\dlc_patch\mplowrider\x64\levels\gta5\_hills\country_04\country_04_metadata.rpf\lr_cs4_02_strm_4.ymap
gta-v-sign-0431,prop_sign_road_01a,standard_stop,los_santos_blaine_county,True,1841.5593,3208.9314,44.019436,0.01654,-0.022377,0.506692,0.86167794,update\update.rpf\dlc_patch\mplowrider\x64\levels\gta5\_hills\country_04\country_04_metadata.rpf\lr_cs4_14_strm_1.ymap
gta-v-sign-0432,prop_sign_road_01a,standard_stop,los_santos_blaine_county,True,1921.3679,2990.7927,44.345585,0.028078003,-0.035383005,0.99763215,0.051865004,update\update.rpf\dlc_patch\mplowrider\x64\levels\gta5\_hills\country_04\country_04_metadata.rpf\lr_cs4_14_strm_1.ymap
gta-v-sign-0433,prop_sign_road_01a,standard_stop,los_santos_blaine_county,True,1971.6649,5146.753,42.142624,-0.114534944,-0.06294697,0.8681556,-0.4787748,update\x64\dlcpacks\patchday3ng\dlc.rpf\x64\levels\gta5\_hills\country_02\country_02_metadata.rpf\cs2_roads_strm_0.ymap
gta-v-sign-0434,prop_sign_road_01a,standard_stop,los_santos_blaine_county,True,1977.2656,3099.5046,45.855755,0.030536005,-0.060719013,0.29580906,0.9528262,update\update.rpf\dlc_patch\mplowrider\x64\levels\gta5\_hills\country_04\country_04_metadata.rpf\lr_cs4_14_strm_1.ymap
gta-v-sign-0435,prop_sign_road_01a,standard_stop,los_santos_blaine_county,True,2008.6885,3125.628,45.698414,0.04353002,0.0027850012,0.94652945,-0.31965515,update\update.rpf\dlc_patch\mplowrider\x64\levels\gta5\_hills\country_04\country_04_metadata.rpf\lr_cs4_02_strm_3.ymap
gta-v-sign-0436,prop_sign_road_01a,standard_stop,los_santos_blaine_county,True,2073.1567,3251.9219,44.554554,-0.017777994,-0.017764993,0.35602686,0.9341377,update\update.rpf\dlc_patch\mplowrider\x64\levels\gta5\_hills\country_04\country_04_metadata.rpf\lr_cs4_02_strm_1.ymap
gta-v-sign-0437,prop_sign_road_01a,standard_stop,los_santos_blaine_county,True,2108.3022,3642.8708,36.520226,-0.072744995,-0.027803995,0.9522399,0.29525295,update\update.rpf\dlc_patch\mplowrider\x64\levels\gta5\_hills\country_04\country_04_metadata.rpf\lr_cs4_02_strm_4.ymap
gta-v-sign-0438,prop_sign_road_01a,standard_stop,los_santos_blaine_county,True,2135.4297,2991.2458,44.50646,0.0,0.0,-0.4226179,0.90630794,update\x64\dlcpacks\mplowrider\dlc.rpf\x64\levels\gta5\_hills\country_06\country_06_metadata.rpf\lr_cs6_roads_strm_1.ymap
gta-v-sign-0439,prop_sign_road_01a,standard_stop,los_santos_blaine_county,True,2164.629,2972.254,45.416092,0.0,0.0,0.9063079,-0.42261797,update\x64\dlcpacks\mplowrider\dlc.rpf\x64\levels\gta5\_hills\country_06\country_06_metadata.rpf\lr_cs6_roads_strm_1.ymap
gta-v-sign-0440,prop_sign_road_01a,standard_stop,los_santos_blaine_county,True,2170.833,4923.166,39.55742,0.0,0.0,0.8499513,-0.5268612,update\x64\dlcpacks\patchday3ng\dlc.rpf\x64\levels\gta5\_hills\country_02\country_02_metadata.rpf\cs2_roads_strm_0.ymap
gta-v-sign-0441,prop_sign_road_01a,standard_stop,los_santos_blaine_county,True,2176.9,4763.8,39.92,0.0,0.0,0.96904325,-0.24689108,update\x64\dlcpacks\patchday3ng\dlc.rpf\x64\levels\gta5\_hills\country_02\country_02_metadata.rpf\cs2_roads_strm_0.ymap
gta-v-sign-0442,prop_sign_road_01a,standard_stop,los_santos_blaine_county,True,2214.4292,2999.0017,44.312534,0.0,0.0,0.4226179,0.90630794,update\x64\dlcpacks\mplowrider\dlc.rpf\x64\levels\gta5\_hills\country_06\country_06_metadata.rpf\lr_cs6_roads_strm_1.ymap
gta-v-sign-0443,prop_sign_road_01a,standard_stop,los_santos_blaine_county,True,2238.4868,3212.2705,46.798805,-0.030091992,-0.016234996,-0.042274985,0.9985208,update\update.rpf\dlc_patch\mplowrider\x64\levels\gta5\_hills\country_04\country_04_metadata.rpf\lr_cs4_02_strm_2.ymap
gta-v-sign-0444,prop_sign_road_01a,standard_stop,los_santos_blaine_county,True,2289.3284,3040.6963,45.046417,0.018902991,-0.028491987,0.9982305,-0.048648976,update\update.rpf\dlc_patch\mplowrider\x64\levels\gta5\_hills\country_04\country_04_metadata.rpf\lr_cs4_02_strm_8.ymap
gta-v-sign-0445,prop_sign_road_01a,standard_stop,los_santos_blaine_county,True,2388.7354,3790.53,36.783997,-0.07329698,0.023560993,-0.3096159,0.9477396,update\update.rpf\dlc_patch\mplowrider\x64\levels\gta5\_hills\country_04\country_04_metadata.rpf\lr_cs4_11_strm_0.ymap
gta-v-sign-0446,prop_sign_road_01a,standard_stop,los_santos_blaine_county,True,2389.245,3826.5142,37.27526,0.0040370016,0.0036040018,0.32507014,0.9456744,update\update.rpf\dlc_patch\mplowrider\x64\levels\gta5\_hills\country_04\country_04_metadata.rpf\lr_cs4_11_strm_0.ymap
gta-v-sign-0447,prop_sign_road_01a,standard_stop,los_santos_blaine_county,True,2402.683,5139.71,45.915085,0.0,0.0,0.411413,0.911449,update\x64\dlcpacks\patchday3ng\dlc.rpf\x64\levels\gta5\_hills\country_02\country_02_metadata.rpf\cs2_roads_strm_0.ymap
gta-v-sign-0448,prop_sign_road_01a,standard_stop,los_santos_blaine_county,True,2438.001,3883.5918,35.459522,-0.034913994,-0.0071219993,0.9978969,-0.05414899,update\update.rpf\dlc_patch\mplowrider\x64\levels\gta5\_hills\country_04\country_04_metadata.rpf\lr_cs4_11_strm_0.ymap
gta-v-sign-0449,prop_sign_road_01a,standard_stop,los_santos_blaine_county,True,2496.9211,4130.6294,37.355347,-0.02832902,-0.0070920037,0.90515465,0.42407826,update\update.rpf\dlc_patch\mplowrider\x64\levels\gta5\_hills\country_04\country_04_metadata.rpf\lr_cs4_04_strm_1.ymap
gta-v-sign-0450,prop_sign_road_01a,standard_stop,los_santos_blaine_county,True,2548.4668,-593.1819,63.455807,0.0,0.0,0.74597406,-0.66597503,update\x64\dlcpacks\patchday2ng\dlc.rpf\x64\levels\gta5\_hills\cityhills_03\cityhills_03_metadata.rpf\ch3_10_strm_5.ymap
gta-v-sign-0451,prop_sign_road_01a,standard_stop,los_santos_blaine_county,True,2585.3916,5094.2227,43.431587,0.0022770003,-0.0030440001,0.6331621,0.77400994,update\x64\dlcpacks\patchday3ng\dlc.rpf\x64\levels\gta5\_hills\country_02\country_02_metadata.rpf\cs2_roads_strm_0.ymap
gta-v-sign-0452,prop_sign_road_01a,standard_stop,los_santos_blaine_county,True,2661.6055,4311.2524,43.860962,-0.049376998,0.020682,-0.299043,0.9527368,update\update.rpf\dlc_patch\mplowrider\x64\levels\gta5\_hills\country_04\country_04_metadata.rpf\lr_cs4_11_strm_3.ymap
gta-v-sign-0453,prop_sign_road_01a,standard_stop,los_santos_blaine_county,True,2714.4263,3926.7693,42.682602,-0.034042984,0.050539974,0.9743415,0.21666889,update\update.rpf\dlc_patch\mplowrider\x64\levels\gta5\_hills\country_04\country_04_metadata.rpf\lr_cs4_11_strm_5.ymap
gta-v-sign-0454,prop_sign_road_01a,standard_stop,los_santos_blaine_county,True,2724.26,3877.457,42.3041,0.031265,-0.0005590002,-0.48170203,0.875777,update\update.rpf\dlc_patch\mplowrider\x64\levels\gta5\_hills\country_04\country_04_metadata.rpf\lr_cs4_11_strm_5.ymap
gta-v-sign-0455,prop_sign_road_01a,standard_stop,los_santos_blaine_county,True,2758.6658,4389.3496,47.789177,-0.012651,0.005954,0.714983,0.699002,update\update.rpf\dlc_patch\mplowrider\x64\levels\gta5\_hills\country_04\country_04_metadata.rpf\lr_cs4_11_strm_4.ymap
gta-v-sign-0456,prop_sign_road_01a,standard_stop,los_santos_blaine_county,True,2793.9238,4934.571,32.507645,0.08179999,-0.050509993,-0.31111896,0.9454959,update\x64\dlcpacks\patchday3ng\dlc.rpf\x64\levels\gta5\_hills\country_02\country_02_metadata.rpf\cs2_roads_strm_0.ymap
gta-v-sign-0457,prop_sign_road_01a,standard_stop,los_santos_blaine_county,True,2828.188,4426.0996,47.47615,0.0062220013,0.0019830004,0.83472717,-0.55062515,update\x64\dlcpacks\patchday3ng\dlc.rpf\x64\levels\gta5\_hills\country_02\country_02_metadata.rpf\cs2_roads_strm_1.ymap
gta-v-sign-0458,prop_sign_road_01a,standard_stop,los_santos_blaine_county,True,2918.3853,4439.9434,46.704666,-0.0056990013,0.003188001,-0.16824704,0.98572326,update\x64\dlcpacks\patchday3ng\dlc.rpf\x64\levels\gta5\_hills\country_02\country_02_metadata.rpf\cs2_roads_strm_1.ymap
gta-v-sign-0459,prop_sign_road_01a,standard_stop,los_santos_blaine_county,True,3418.9946,3746.1807,29.445488,0.0,0.0,0.38268292,0.92387974,update\x64\dlcpacks\patchday3ng\dlc.rpf\x64\levels\gta5\_hills\country_02\country_02_metadata.rpf\cs2_29_strm_0.ymap
gta-v-sign-0460,prop_sign_road_01b,stop_with_wrong_way_plate,los_santos_blaine_county,True,-201.22333,1475.5302,287.92258,0.0,0.0,-0.09150199,0.9958049,update\update.rpf\dlc_patch\mpapartment\x64\levels\gta5\_hills\cityhills_02\cityhills_02_metadata.rpf\apa_ch2_02_strm_13.ymap
gta-v-sign-0461,prop_sign_road_01b,stop_with_wrong_way_plate,los_santos_blaine_county,True,-190.83994,1490.9471,287.921,0.0,0.0,0.8362863,-0.5482932,update\update.rpf\dlc_patch\mpapartment\x64\levels\gta5\_hills\cityhills_02\cityhills_02_metadata.rpf\apa_ch2_02_strm_13.ymap
gta-v-sign-0462,prop_sign_road_01b,stop_with_wrong_way_plate,los_santos_blaine_county,True,-183.96805,6561.2354,10.077522,0.031838015,-0.015815007,0.4150732,0.90909326,update\x64\dlcpacks\patchday2ng\dlc.rpf\x64\levels\gta5\_hills\country_01\country_01_metadata.rpf\cs1_roads_pb_strm_3.ymap
gta-v-sign-0463,prop_sign_road_01b,stop_with_wrong_way_plate,los_santos_blaine_county,True,768.10406,-3004.068,4.862564,0.0,0.0,0.9154411,0.40245202,update\update.rpf\dlc_patch\mpheist\x64\levels\gta5\_citye\port_01\port_metadata.rpf\hei_po1_06_strm_3.ymap
